Station,FieldActivityId,Cruise,Program,Project,DataCollector,DataProvider,Latitude,Longitude,SampleDate,SampleTime,TotalDepthM,UpperPycnoclineDepthM,LowerPycnoclineDepthM,SampleDepthM,Layer,SampleType,SampleReplicate,Parameter,Qualifier,MeasureValue,MeasureUnit,Method,Lab,Problem,PrecisionPC,BiasPC,Details,TierLevel
CB4.1C,785801,BAY900,TWQM,MAIN,MDDNR,MDDNR,38.82593,-76.39945,2025-11-18,15:00:00,30.8,,,0.5,S,D,S1,CHLA,,11.0,UG/L,L01,CBL,,,,,T3
CB4.1C,785781,BAY898,TWQM,MAIN,MDDNR,MDDNR,38.82593,-76.39945,2025-10-06,12:29:00,31.0,8.5,14.5,0.5,S,D,S1,CHLA,,7.049,UG/L,L01,CBL,,,,,T3
CB4.1C,785724,BAY895,TWQM,MAIN,MDDNR,MDDNR,38.82593,-76.39945,2025-08-26,12:27:00,30.4,10.5,19.5,0.5,S,D,S1,CHLA,,7.156,UG/L,L01,CBL,,,,,T3
CB4.1C,785723,BAY894,TWQM,MAIN,MDDNR,MDDNR,38.82593,-76.39945,2025-08-06,12:20:00,30.8,4.5,13.5,0.5,S,D,S1,CHLA,,15.62,UG/L,L01,CBL,,,,,T3
CB4.1C,785680,BAY893,TWQM,MAIN,MDDNR,MDDNR,38.82593,-76.39945,2025-07-21,12:50:00,31.5,3.5,9.5,0.5,S,D,S1,CHLA,,38.662,UG/L,L01,CBL,,,,,T3
CB4.1C,785833,BAY890,TWQM,MAIN,MDDNR,MDDNR,38.82593,-76.39945,2025-06-09,16:31:00,31.3,4.5,12.5,0.5,S,D,S1,CHLA,,11.629,UG/L,L01,CBL,,,,,T3
CB4.1C,785649,BAY886,TWQM,MAIN,MDDNR,MDDNR,38.82593,-76.39945,2025-04-15,10:56:00,31.0,1.5,20.5,0.5,S,D,S1,CHLA,,7.049,UG/L,L01,CBL,,,,,T3
CB4.1C,785611,BAY882,TWQM,MAIN,MDDNR,MDDNR,38.82593,-76.39945,2025-02-04,10:09:00,32.0,3.5,14.5,0.5,S,D,S1,CHLA,,5.206,UG/L,L01,CBL,,,,,T3
CB4.1C,785597,BAY880,TWQM,MAIN,MDDNR,MDDNR,38.82593,-76.39945,2025-01-13,14:51:00,32.0,,,0.5,S,D,S1,CHLA,,6.255,UG/L,L01,CBL,,,,,T3
CB4.1C,691077,BAY875,TWQM,MAIN,MDDNR,MDDNR,38.82593,-76.39945,2024-10-23,12:47:00,31.0,,,0.5,S,D,S1,CHLA,,12.602,UG/L,L01,CBL,,,,,T3
CB4.1C,690825,BAY872,TWQM,MAIN,MDDNR,MDDNR,38.82593,-76.39945,2024-09-23,10:41:00,31.0,9.5,21.5,0.5,S,D,S1,CHLA,,18.37,UG/L,L01,CBL,,,,,T3
CB4.1C,690640,BAY871,TWQM,MAIN,MDDNR,MDDNR,38.82593,-76.39945,2024-08-27,13:24:00,30.5,7.5,15.5,0.5,S,D,S1,CHLA,,35.03,UG/L,L01,CBL,,,,,T3
CB4.1C,691274,BAY868,TWQM,MAIN,MDDNR,MDDNR,38.82593,-76.39945,2024-07-16,13:43:00,30.5,10.5,16.5,0.5,S,D,S1,CHLA,,12.358,UG/L,L01,CBL,,,,,T3
CB4.1C,688805,BAY867,TWQM,MAIN,MDDNR,MDDNR,38.82593,-76.39945,2024-06-26,13:41:00,30.6,14.5,21.5,0.5,S,D,S1,CHLA,,16.874,UG/L,L01,CBL,,,,,T3
CB4.1C,688778,BAY866,TWQM,MAIN,MDDNR,MDDNR,38.82593,-76.39945,2024-06-04,13:27:00,31.0,6.5,14.5,0.5,S,D,S1,CHLA,,10.253,UG/L,L01,CBL,,,,,T3
CB4.1C,678074,BAY864,TWQM,MAIN,MDDNR,MDDNR,38.82593,-76.39945,2024-05-14,13:09:00,32.0,10.5,17.5,0.5,S,D,S1,CHLA,,11.748,UG/L,L01,CBL,,,,,T3
CB4.1C,699623,BAY857,TWQM,MAIN,MDDNR,MDDNR,38.82593,-76.39945,2024-01-24,12:09:00,33.1,3.5,13.5,0.5,S,D,S1,CHLA,,20.719,UG/L,L01,CBL,,,,,T3
CB4.1C,647860,BAY852,TWQM,MAIN,MDDNR,MDDNR,38.82593,-76.39945,2023-11-16,12:11:00,32.5,10.0,21.0,0.5,S,D,S1,CHLA,,13.564,UG/L,L01,CBL,,,,,T3
CB4.1C,647720,BAY850,TWQM,MAIN,MDDNR,MDDNR,38.82593,-76.39945,2023-10-05,12:59:00,32.3,,,0.5,S,D,S1,CHLA,,6.515,UG/L,L01,CBL,,,,,T3
CB4.1C,670855,BAY848,TWQM,MAIN,MDDNR,MDDNR,38.82593,-76.39945,2023-09-12,13:29:00,32.2,3.5,18.5,0.5,S,D,S1,CHLA,,14.189,UG/L,L01,CBL,,,,,T3
CB4.1C,670975,BAY847,TWQM,MAIN,MDDNR,MDDNR,38.82593,-76.39945,2023-08-29,12:54:00,32.2,7.5,17.5,0.5,S,D,S1,CHLA,,8.01,UG/L,L01,CBL,,,,,T3
CB4.1C,670930,BAY844,TWQM,MAIN,MDDNR,MDDNR,38.82593,-76.39945,2023-07-11,13:18:00,32.4,3.5,19.5,0.5,S,D,S1,CHLA,,18.37,UG/L,L01,CBL,,,,,T3
CB4.1C,670886,BAY843,TWQM,MAIN,MDDNR,MDDNR,38.82593,-76.39945,2023-06-27,13:33:00,32.5,6.5,21.5,0.5,S,D,S1,CHLA,,17.698,UG/L,L01,CBL,,,,,T3
CB4.1C,670885,BAY842,TWQM,MAIN,MDDNR,MDDNR,38.82593,-76.39945,2023-06-06,12:44:00,32.5,4.5,8.5,0.5,S,D,S1,CHLA,,11.138,UG/L,L01,CBL,,,,,T3
CB4.1C,645396,BAY840,TWQM,MAIN,MDDNR,MDDNR,38.82593,-76.39945,2023-05-09,12:49:00,32.8,2.5,15.5,0.5,S,D,S1,CHLA,,9.292,UG/L,L01,CBL,,,,,T3
CB4.1C,670574,BAY838,TWQM,MAIN,MDDNR,MDDNR,38.82593,-76.39945,2023-04-11,12:52:00,33.1,7.5,18.5,0.5,S,D,S1,CHLA,,8.971,UG/L,L01,CBL,,,,,T3
CB4.1C,640322,BAY836,TWQM,MAIN,MDDNR,MDDNR,38.82593,-76.39945,2023-03-16,13:36:00,33.3,11.5,16.5,0.5,S,D,S1,CHLA,,9.002,UG/L,L01,CBL,,,,,T3
CB4.1C,640342,BAY832,TWQM,MAIN,MDDNR,MDDNR,38.82593,-76.39945,2023-01-10,12:02:00,33.1,0.7,4.5,0.5,S,D,S1,CHLA,,15.806,UG/L,L01,CBL,,,,,T3
CB4.1C,624768,BAY830,TWQM,MAIN,MDDNR,MDDNR,38.82593,-76.39945,2022-12-06,11:52:00,33.0,,,0.5,S,D,S1,CHLA,,6.515,UG/L,L01,CBL,,,,,T3
CB4.1C,624755,BAY828,TWQM,MAIN,MDDNR,MDDNR,38.82593,-76.39945,2022-11-15,12:00:00,32.4,14.5,17.5,0.5,S,D,S1,CHLA,,3.952,UG/L,L01,CBL,,,,,T3
CB4.1C,624741,BAY826,TWQM,MAIN,MDDNR,MDDNR,38.82593,-76.39945,2022-10-06,14:40:00,31.5,,,0.5,S,D,S1,CHLA,,3.524,UG/L,L01,CBL,,,,,T3
CB4.1C,624712,BAY824,TWQM,MAIN,MDDNR,MDDNR,38.82593,-76.39945,2022-09-13,13:12:00,32.0,7.5,16.5,0.5,S,D,S1,CHLA,,16.173,UG/L,L01,CBL,,,,,T3
CB4.1C,625872,BAY823,TWQM,MAIN,MDDNR,MDDNR,38.82593,-76.39945,2022-08-23,12:51:00,32.0,6.5,15.5,0.5,S,D,S1,CHLA,,7.877,UG/L,L01,CBL,,,,,T3
CB4.1C,625871,BAY822,TWQM,MAIN,MDDNR,MDDNR,38.82593,-76.39945,2022-08-09,13:02:00,31.8,13.5,17.5,0.5,S,D,S1,CHLA,,10.894,UG/L,L01,CBL,,,,,T3
CB4.1C,699303,BAY820,TWQM,MAIN,MDDNR,MDDNR,38.82593,-76.39945,2022-07-13,12:41:00,32.0,5.5,12.5,0.5,S,D,S1,CHLA,,10.68,UG/L,L01,CBL,,,,,T3
CB4.1C,621092,BAY819,TWQM,MAIN,MDDNR,MDDNR,38.82593,-76.39945,2022-06-29,12:38:00,32.3,8.5,18.5,0.5,S,D,S1,CHLA,,17.088,UG/L,L01,CBL,,,,,T3
CB4.1C,621061,BAY817,TWQM,MAIN,MDDNR,MDDNR,38.82593,-76.39945,2022-05-17,13:00:00,32.6,2.5,12.5,0.5,S,D,S1,CHLA,,37.38,UG/L,L01,CBL,,,,,T3
CB4.1C,699206,BAY814,TWQM,MAIN,MDDNR,MDDNR,38.82593,-76.39945,2022-04-12,12:42:00,33.5,5.5,13.5,0.5,S,D,S1,CHLA,,29.904,UG/L,L01,CBL,,,,,T3
CB4.1C,611589,BAY812,TWQM,MAIN,MDDNR,MDDNR,38.82593,-76.39945,2022-03-15,13:29:00,33.2,8.5,16.5,0.5,S,D,S1,CHLA,,20.292,UG/L,L01,CBL,,,,,T3
CB4.1C,608274,BAY806,TWQM,MAIN,MDDNR,MDDNR,38.82593,-76.39945,2021-12-08,12:05:00,32.8,,,0.5,S,D,S1,CHLA,,12.935,UG/L,L01,CBL,,,,,T3
CB4.1C,608260,BAY805,TWQM,MAIN,MDDNR,MDDNR,38.82593,-76.39945,2021-11-17,11:57:00,32.7,4.5,17.5,0.5,S,D,S1,CHLA,,17.444,UG/L,L01,CBL,,,,,T3
CB4.1C,608240,BAY802,TWQM,MAIN,MDDNR,MDDNR,38.82593,-76.39945,2021-10-05,12:47:00,32.4,2.5,12.5,0.5,S,D,S1,CHLA,,7.595,UG/L,L01,CBL,,,,,T3
CB4.1C,785801,BAY900,TWQM,MAIN,MDDNR,MDDNR,38.82593,-76.39945,2025-11-18,15:00:00,30.8,,,0.5,S,D,S1,DIN,,0.0469,MG/L,D01,CBL,,,,,T3
CB4.1C,785781,BAY898,TWQM,MAIN,MDDNR,MDDNR,38.82593,-76.39945,2025-10-06,12:29:00,31.0,8.5,14.5,0.5,S,D,S1,DIN,<,0.0172,MG/L,D01A,CBL,,,,,T3
CB4.1C,785781,BAY898,TWQM,MAIN,MDDNR,MDDNR,38.82593,-76.39945,2025-10-06,12:29:00,31.0,8.5,14.5,0.5,S,D,S1,DIN,<,0.0127,MG/L,D01B,CBL,,,,,T3
CB4.1C,785724,BAY895,TWQM,MAIN,MDDNR,MDDNR,38.82593,-76.39945,2025-08-26,12:27:00,30.4,10.5,19.5,0.5,S,D,S1,DIN,<,0.0147,MG/L,D01A,CBL,,,,,T3
CB4.1C,785724,BAY895,TWQM,MAIN,MDDNR,MDDNR,38.82593,-76.39945,2025-08-26,12:27:00,30.4,10.5,19.5,0.5,S,D,S1,DIN,<,0.0102,MG/L,D01B,CBL,,,,,T3
CB4.1C,785723,BAY894,TWQM,MAIN,MDDNR,MDDNR,38.82593,-76.39945,2025-08-06,12:20:00,30.8,4.5,13.5,0.5,S,D,S1,DIN,<,0.0211,MG/L,D01A,CBL,,,,,T3
CB4.1C,785723,BAY894,TWQM,MAIN,MDDNR,MDDNR,38.82593,-76.39945,2025-08-06,12:20:00,30.8,4.5,13.5,0.5,S,D,S1,DIN,<,0.0166,MG/L,D01B,CBL,,,,,T3
CB4.1C,785680,BAY893,TWQM,MAIN,MDDNR,MDDNR,38.82593,-76.39945,2025-07-21,12:50:00,31.5,3.5,9.5,0.5,S,D,S1,DIN,<,0.013,MG/L,D01A,CBL,,,,,T3
CB4.1C,785680,BAY893,TWQM,MAIN,MDDNR,MDDNR,38.82593,-76.39945,2025-07-21,12:50:00,31.5,3.5,9.5,0.5,S,D,S1,DIN,<,0.0085,MG/L,D01B,CBL,,,,,T3
CB4.1C,785833,BAY890,TWQM,MAIN,MDDNR,MDDNR,38.82593,-76.39945,2025-06-09,16:31:00,31.3,4.5,12.5,0.5,S,D,S1,DIN,,0.174,MG/L,D01,CBL,,,,,T3
CB4.1C,785649,BAY886,TWQM,MAIN,MDDNR,MDDNR,38.82593,-76.39945,2025-04-15,10:56:00,31.0,1.5,20.5,0.5,S,D,S1,DIN,,0.275,MG/L,D01,CBL,,,,,T3
CB4.1C,785611,BAY882,TWQM,MAIN,MDDNR,MDDNR,38.82593,-76.39945,2025-02-04,10:09:00,32.0,3.5,14.5,0.5,S,D,S1,DIN,<,0.1198,MG/L,D01A,CBL,,,,,T3
CB4.1C,785611,BAY882,TWQM,MAIN,MDDNR,MDDNR,38.82593,-76.39945,2025-02-04,10:09:00,32.0,3.5,14.5,0.5,S,D,S1,DIN,<,0.1153,MG/L,D01B,CBL,,,,,T3
CB4.1C,785597,BAY880,TWQM,MAIN,MDDNR,MDDNR,38.82593,-76.39945,2025-01-13,14:51:00,32.0,,,0.5,S,D,S1,DIN,<,0.118,MG/L,D01A,CBL,,,,,T3
CB4.1C,785597,BAY880,TWQM,MAIN,MDDNR,MDDNR,38.82593,-76.39945,2025-01-13,14:51:00,32.0,,,0.5,S,D,S1,DIN,<,0.1135,MG/L,D01B,CBL,,,,,T3
CB4.1C,691077,BAY875,TWQM,MAIN,MDDNR,MDDNR,38.82593,-76.39945,2024-10-23,12:47:00,31.0,,,0.5,S,D,S1,DIN,<,0.0139,MG/L,D01A,CBL,,,,,T3
CB4.1C,691077,BAY875,TWQM,MAIN,MDDNR,MDDNR,38.82593,-76.39945,2024-10-23,12:47:00,31.0,,,0.5,S,D,S1,DIN,<,0.0094,MG/L,D01B,CBL,,,,,T3
CB4.1C,690825,BAY872,TWQM,MAIN,MDDNR,MDDNR,38.82593,-76.39945,2024-09-23,10:41:00,31.0,9.5,21.5,0.5,S,D,S1,DIN,<,0.0984,MG/L,D01A,CBL,,,,,T3
CB4.1C,690825,BAY872,TWQM,MAIN,MDDNR,MDDNR,38.82593,-76.39945,2024-09-23,10:41:00,31.0,9.5,21.5,0.5,S,D,S1,DIN,<,0.0939,MG/L,D01B,CBL,,,,,T3
CB4.1C,690640,BAY871,TWQM,MAIN,MDDNR,MDDNR,38.82593,-76.39945,2024-08-27,13:24:00,30.5,7.5,15.5,0.5,S,D,S1,DIN,,0.0424,MG/L,D01,CBL,,,,,T3
CB4.1C,691274,BAY868,TWQM,MAIN,MDDNR,MDDNR,38.82593,-76.39945,2024-07-16,13:43:00,30.5,10.5,16.5,0.5,S,D,S1,DIN,<,0.0108,MG/L,D01A,CBL,,,,,T3
CB4.1C,691274,BAY868,TWQM,MAIN,MDDNR,MDDNR,38.82593,-76.39945,2024-07-16,13:43:00,30.5,10.5,16.5,0.5,S,D,S1,DIN,<,0.0063,MG/L,D01B,CBL,,,,,T3
CB4.1C,688805,BAY867,TWQM,MAIN,MDDNR,MDDNR,38.82593,-76.39945,2024-06-26,13:41:00,30.6,14.5,21.5,0.5,S,D,S1,DIN,,0.0222,MG/L,D01,CBL,,,,,T3
CB4.1C,688778,BAY866,TWQM,MAIN,MDDNR,MDDNR,38.82593,-76.39945,2024-06-04,13:27:00,31.0,6.5,14.5,0.5,S,D,S1,DIN,<,0.211,MG/L,D01A,CBL,,,,,T3
CB4.1C,688778,BAY866,TWQM,MAIN,MDDNR,MDDNR,38.82593,-76.39945,2024-06-04,13:27:00,31.0,6.5,14.5,0.5,S,D,S1,DIN,<,0.2065,MG/L,D01B,CBL,,,,,T3
CB4.1C,678074,BAY864,TWQM,MAIN,MDDNR,MDDNR,38.82593,-76.39945,2024-05-14,13:09:00,32.0,10.5,17.5,0.5,S,D,S1,DIN,,0.456,MG/L,D01,CBL,,,,,T3
CB4.1C,699623,BAY857,TWQM,MAIN,MDDNR,MDDNR,38.82593,-76.39945,2024-01-24,12:09:00,33.1,3.5,13.5,0.5,S,D,S1,DIN,,0.646,MG/L,D01,CBL,,,,,T3
CB4.1C,647860,BAY852,TWQM,MAIN,MDDNR,MDDNR,38.82593,-76.39945,2023-11-16,12:11:00,32.5,10.0,21.0,0.5,S,D,S1,DIN,,0.14,MG/L,D01,CBL,,,,,T3
CB4.1C,647720,BAY850,TWQM,MAIN,MDDNR,MDDNR,38.82593,-76.39945,2023-10-05,12:59:00,32.3,,,0.5,S,D,S1,DIN,,0.157,MG/L,D01,CBL,,,,,T3
CB4.1C,670855,BAY848,TWQM,MAIN,MDDNR,MDDNR,38.82593,-76.39945,2023-09-12,13:29:00,32.2,3.5,18.5,0.5,S,D,S1,DIN,<,0.0145,MG/L,D01A,CBL,,,,,T3
CB4.1C,670855,BAY848,TWQM,MAIN,MDDNR,MDDNR,38.82593,-76.39945,2023-09-12,13:29:00,32.2,3.5,18.5,0.5,S,D,S1,DIN,<,0.01,MG/L,D01B,CBL,,,,,T3
CB4.1C,670975,BAY847,TWQM,MAIN,MDDNR,MDDNR,38.82593,-76.39945,2023-08-29,12:54:00,32.2,7.5,17.5,0.5,S,D,S1,DIN,<,0.0686,MG/L,D01A,CBL,,,,,T3
CB4.1C,670975,BAY847,TWQM,MAIN,MDDNR,MDDNR,38.82593,-76.39945,2023-08-29,12:54:00,32.2,7.5,17.5,0.5,S,D,S1,DIN,<,0.0641,MG/L,D01B,CBL,,,,,T3
CB4.1C,670930,BAY844,TWQM,MAIN,MDDNR,MDDNR,38.82593,-76.39945,2023-07-11,13:18:00,32.4,3.5,19.5,0.5,S,D,S1,DIN,<,0.0102,MG/L,D01A,CBL,,,,,T3
CB4.1C,670930,BAY844,TWQM,MAIN,MDDNR,MDDNR,38.82593,-76.39945,2023-07-11,13:18:00,32.4,3.5,19.5,0.5,S,D,S1,DIN,<,0.0057,MG/L,D01B,CBL,,,,,T3
CB4.1C,670886,BAY843,TWQM,MAIN,MDDNR,MDDNR,38.82593,-76.39945,2023-06-27,13:33:00,32.5,6.5,21.5,0.5,S,D,S1,DIN,,0.0134,MG/L,D01,CBL,,,,,T3
CB4.1C,670885,BAY842,TWQM,MAIN,MDDNR,MDDNR,38.82593,-76.39945,2023-06-06,12:44:00,32.5,4.5,8.5,0.5,S,D,S1,DIN,,0.0709,MG/L,D01,CBL,,,,,T3
CB4.1C,645396,BAY840,TWQM,MAIN,MDDNR,MDDNR,38.82593,-76.39945,2023-05-09,12:49:00,32.8,2.5,15.5,0.5,S,D,S1,DIN,,0.27,MG/L,D01,CBL,,,,,T3
CB4.1C,670574,BAY838,TWQM,MAIN,MDDNR,MDDNR,38.82593,-76.39945,2023-04-11,12:52:00,33.1,7.5,18.5,0.5,S,D,S1,DIN,,0.322,MG/L,D01,CBL,,,,,T3
CB4.1C,640322,BAY836,TWQM,MAIN,MDDNR,MDDNR,38.82593,-76.39945,2023-03-16,13:36:00,33.3,11.5,16.5,0.5,S,D,S1,DIN,,0.386,MG/L,D01,CBL,,,,,T3
CB4.1C,640342,BAY832,TWQM,MAIN,MDDNR,MDDNR,38.82593,-76.39945,2023-01-10,12:02:00,33.1,0.7,4.5,0.5,S,D,S1,DIN,,0.62,MG/L,D01,CBL,,,,,T3
CB4.1C,624768,BAY830,TWQM,MAIN,MDDNR,MDDNR,38.82593,-76.39945,2022-12-06,11:52:00,33.0,,,0.5,S,D,S1,DIN,,0.1369,MG/L,D01,CBL,,,,,T3
CB4.1C,624755,BAY828,TWQM,MAIN,MDDNR,MDDNR,38.82593,-76.39945,2022-11-15,12:00:00,32.4,14.5,17.5,0.5,S,D,S1,DIN,,0.0986,MG/L,D01,CBL,,,,,T3
CB4.1C,624741,BAY826,TWQM,MAIN,MDDNR,MDDNR,38.82593,-76.39945,2022-10-06,14:40:00,31.5,,,0.5,S,D,S1,DIN,,0.1222,MG/L,D01,CBL,,,,,T3
CB4.1C,624712,BAY824,TWQM,MAIN,MDDNR,MDDNR,38.82593,-76.39945,2022-09-13,13:12:00,32.0,7.5,16.5,0.5,S,D,S1,DIN,<,0.0125,MG/L,D01A,CBL,QQ,,,,T3
CB4.1C,624712,BAY824,TWQM,MAIN,MDDNR,MDDNR,38.82593,-76.39945,2022-09-13,13:12:00,32.0,7.5,16.5,0.5,S,D,S1,DIN,<,0.01175,MG/L,D01B,CBL,QQ,,,,T3
CB4.1C,625872,BAY823,TWQM,MAIN,MDDNR,MDDNR,38.82593,-76.39945,2022-08-23,12:51:00,32.0,6.5,15.5,0.5,S,D,S1,DIN,<,0.0185,MG/L,D01A,CBL,,,,,T3
CB4.1C,625872,BAY823,TWQM,MAIN,MDDNR,MDDNR,38.82593,-76.39945,2022-08-23,12:51:00,32.0,6.5,15.5,0.5,S,D,S1,DIN,<,0.014,MG/L,D01B,CBL,,,,,T3
CB4.1C,625871,BAY822,TWQM,MAIN,MDDNR,MDDNR,38.82593,-76.39945,2022-08-09,13:02:00,31.8,13.5,17.5,0.5,S,D,S1,DIN,<,0.0111,MG/L,D01A,CBL,,,,,T3
CB4.1C,625871,BAY822,TWQM,MAIN,MDDNR,MDDNR,38.82593,-76.39945,2022-08-09,13:02:00,31.8,13.5,17.5,0.5,S,D,S1,DIN,<,0.0066,MG/L,D01B,CBL,,,,,T3
CB4.1C,699303,BAY820,TWQM,MAIN,MDDNR,MDDNR,38.82593,-76.39945,2022-07-13,12:41:00,32.0,5.5,12.5,0.5,S,D,S1,DIN,<,0.0105,MG/L,D01A,CBL,QQ,,,,T3
CB4.1C,699303,BAY820,TWQM,MAIN,MDDNR,MDDNR,38.82593,-76.39945,2022-07-13,12:41:00,32.0,5.5,12.5,0.5,S,D,S1,DIN,<,0.00975,MG/L,D01B,CBL,QQ,,,,T3
CB4.1C,621092,BAY819,TWQM,MAIN,MDDNR,MDDNR,38.82593,-76.39945,2022-06-29,12:38:00,32.3,8.5,18.5,0.5,S,D,S1,DIN,,0.1092,MG/L,D01,CBL,,,,,T3
CB4.1C,621061,BAY817,TWQM,MAIN,MDDNR,MDDNR,38.82593,-76.39945,2022-05-17,13:00:00,32.6,2.5,12.5,0.5,S,D,S1,DIN,<,0.452,MG/L,D01A,CBL,,,,,T3
CB4.1C,621061,BAY817,TWQM,MAIN,MDDNR,MDDNR,38.82593,-76.39945,2022-05-17,13:00:00,32.6,2.5,12.5,0.5,S,D,S1,DIN,<,0.4475,MG/L,D01B,CBL,,,,,T3
CB4.1C,699206,BAY814,TWQM,MAIN,MDDNR,MDDNR,38.82593,-76.39945,2022-04-12,12:42:00,33.5,5.5,13.5,0.5,S,D,S1,DIN,,0.422,MG/L,D01,CBL,,,,,T3
CB4.1C,611589,BAY812,TWQM,MAIN,MDDNR,MDDNR,38.82593,-76.39945,2022-03-15,13:29:00,33.2,8.5,16.5,0.5,S,D,S1,DIN,,0.482,MG/L,D01,CBL,,,,,T3
CB4.1C,608274,BAY806,TWQM,MAIN,MDDNR,MDDNR,38.82593,-76.39945,2021-12-08,12:05:00,32.8,,,0.5,S,D,S1,DIN,,0.332,MG/L,D01,CBL,,,,,T3
CB4.1C,608260,BAY805,TWQM,MAIN,MDDNR,MDDNR,38.82593,-76.39945,2021-11-17,11:57:00,32.7,4.5,17.5,0.5,S,D,S1,DIN,,0.444,MG/L,D01,CBL,,,,,T3
CB4.1C,608240,BAY802,TWQM,MAIN,MDDNR,MDDNR,38.82593,-76.39945,2021-10-05,12:47:00,32.4,2.5,12.5,0.5,S,D,S1,DIN,,0.27,MG/L,D01,CBL,,,,,T3
CB4.1C,785801,BAY900,TWQM,MAIN,MDDNR,MDDNR,38.82593,-76.39945,2025-11-18,15:00:00,30.8,,,0.5,S,ISM,M1,DO,,9.9,MG/L,F01,,,,,,T3
CB4.1C,785781,BAY898,TWQM,MAIN,MDDNR,MDDNR,38.82593,-76.39945,2025-10-06,12:29:00,31.0,8.5,14.5,0.5,S,ISM,M1,DO,,8.8,MG/L,F01,,,,,,T3
CB4.1C,785724,BAY895,TWQM,MAIN,MDDNR,MDDNR,38.82593,-76.39945,2025-08-26,12:27:00,30.4,10.5,19.5,0.5,S,ISM,M1,DO,,8.2,MG/L,F01,,,,,,T3
CB4.1C,785723,BAY894,TWQM,MAIN,MDDNR,MDDNR,38.82593,-76.39945,2025-08-06,12:20:00,30.8,4.5,13.5,0.5,S,ISM,M1,DO,,7.3,MG/L,F01,,,,,,T3
CB4.1C,785680,BAY893,TWQM,MAIN,MDDNR,MDDNR,38.82593,-76.39945,2025-07-21,12:50:00,31.5,3.5,9.5,0.5,S,ISM,M1,DO,,7.8,MG/L,F01,,,,,,T3
CB4.1C,785833,BAY890,TWQM,MAIN,MDDNR,MDDNR,38.82593,-76.39945,2025-06-09,16:31:00,31.3,4.5,12.5,0.5,S,ISM,M1,DO,,8.7,MG/L,F01,,,,,,T3
CB4.1C,785649,BAY886,TWQM,MAIN,MDDNR,MDDNR,38.82593,-76.39945,2025-04-15,10:56:00,31.0,1.5,20.5,0.5,S,ISM,M1,DO,,10.5,MG/L,F01,,,,,,T3
CB4.1C,785611,BAY882,TWQM,MAIN,MDDNR,MDDNR,38.82593,-76.39945,2025-02-04,10:09:00,32.0,3.5,14.5,0.5,S,ISM,M1,DO,,13.2,MG/L,F01,,,,,,T3
CB4.1C,785597,BAY880,TWQM,MAIN,MDDNR,MDDNR,38.82593,-76.39945,2025-01-13,14:51:00,32.0,,,0.5,S,ISM,M1,DO,,13.1,MG/L,F01,,,,,,T3
CB4.1C,691077,BAY875,TWQM,MAIN,MDDNR,MDDNR,38.82593,-76.39945,2024-10-23,12:47:00,31.0,,,0.5,S,ISM,M1,DO,,9.7,MG/L,F01,,,,,,T3
CB4.1C,690825,BAY872,TWQM,MAIN,MDDNR,MDDNR,38.82593,-76.39945,2024-09-23,10:41:00,31.0,9.5,21.5,0.5,S,ISM,M1,DO,,8.2,MG/L,F01,,,,,,T3
CB4.1C,690640,BAY871,TWQM,MAIN,MDDNR,MDDNR,38.82593,-76.39945,2024-08-27,13:24:00,30.5,7.5,15.5,0.5,S,ISM,M1,DO,,11.2,MG/L,F01,,,,,,T3
CB4.1C,691274,BAY868,TWQM,MAIN,MDDNR,MDDNR,38.82593,-76.39945,2024-07-16,13:43:00,30.5,10.5,16.5,0.5,S,ISM,M1,DO,,8.1,MG/L,F01,,,,,,T3
CB4.1C,688805,BAY867,TWQM,MAIN,MDDNR,MDDNR,38.82593,-76.39945,2024-06-26,13:41:00,30.6,14.5,21.5,0.5,S,ISM,M1,DO,,8.7,MG/L,F01,,,,,,T3
CB4.1C,688778,BAY866,TWQM,MAIN,MDDNR,MDDNR,38.82593,-76.39945,2024-06-04,13:27:00,31.0,6.5,14.5,0.5,S,ISM,M1,DO,,10.7,MG/L,F01,,,,,,T3
CB4.1C,678074,BAY864,TWQM,MAIN,MDDNR,MDDNR,38.82593,-76.39945,2024-05-14,13:09:00,32.0,10.5,17.5,0.5,S,ISM,M1,DO,,9.4,MG/L,F01,,,,,,T3
CB4.1C,699623,BAY857,TWQM,MAIN,MDDNR,MDDNR,38.82593,-76.39945,2024-01-24,12:09:00,33.1,3.5,13.5,0.5,S,ISM,M1,DO,,13.5,MG/L,F01,,,,,,T3
CB4.1C,647860,BAY852,TWQM,MAIN,MDDNR,MDDNR,38.82593,-76.39945,2023-11-16,12:11:00,32.5,10.0,21.0,0.5,S,ISM,M1,DO,,10.5,MG/L,F01,,,,,,T3
CB4.1C,647720,BAY850,TWQM,MAIN,MDDNR,MDDNR,38.82593,-76.39945,2023-10-05,12:59:00,32.3,,,0.5,S,ISM,M1,DO,,7.2,MG/L,F01,,,,,,T3
CB4.1C,670855,BAY848,TWQM,MAIN,MDDNR,MDDNR,38.82593,-76.39945,2023-09-12,13:29:00,32.2,3.5,18.5,0.5,S,ISM,M1,DO,,7.5,MG/L,F01,,,,,,T3
CB4.1C,670975,BAY847,TWQM,MAIN,MDDNR,MDDNR,38.82593,-76.39945,2023-08-29,12:54:00,32.2,7.5,17.5,0.5,S,ISM,M1,DO,,5.9,MG/L,F01,,,,,,T3
CB4.1C,670930,BAY844,TWQM,MAIN,MDDNR,MDDNR,38.82593,-76.39945,2023-07-11,13:18:00,32.4,3.5,19.5,0.5,S,ISM,M1,DO,,8.4,MG/L,F01,,,,,,T3
CB4.1C,670886,BAY843,TWQM,MAIN,MDDNR,MDDNR,38.82593,-76.39945,2023-06-27,13:33:00,32.5,6.5,21.5,0.5,S,ISM,M1,DO,,9.5,MG/L,F01,,,,,,T3
CB4.1C,670885,BAY842,TWQM,MAIN,MDDNR,MDDNR,38.82593,-76.39945,2023-06-06,12:44:00,32.5,4.5,8.5,0.5,S,ISM,M1,DO,,8.5,MG/L,F01,,,,,,T3
CB4.1C,645396,BAY840,TWQM,MAIN,MDDNR,MDDNR,38.82593,-76.39945,2023-05-09,12:49:00,32.8,2.5,15.5,0.5,S,ISM,M1,DO,,9.6,MG/L,F01,,,,,,T3
CB4.1C,670574,BAY838,TWQM,MAIN,MDDNR,MDDNR,38.82593,-76.39945,2023-04-11,12:52:00,33.1,7.5,18.5,0.5,S,ISM,M1,DO,,10.4,MG/L,F01,,,,,,T3
CB4.1C,640322,BAY836,TWQM,MAIN,MDDNR,MDDNR,38.82593,-76.39945,2023-03-16,13:36:00,33.3,11.5,16.5,0.5,S,ISM,M1,DO,,11.2,MG/L,F01,,,,,,T3
CB4.1C,640342,BAY832,TWQM,MAIN,MDDNR,MDDNR,38.82593,-76.39945,2023-01-10,12:02:00,33.1,0.7,4.5,0.5,S,ISM,M1,DO,,12.3,MG/L,F01,,,,,,T3
CB4.1C,624768,BAY830,TWQM,MAIN,MDDNR,MDDNR,38.82593,-76.39945,2022-12-06,11:52:00,33.0,,,0.5,S,ISM,M1,DO,,10.0,MG/L,F01,,,,,,T3
CB4.1C,624755,BAY828,TWQM,MAIN,MDDNR,MDDNR,38.82593,-76.39945,2022-11-15,12:00:00,32.4,14.5,17.5,0.5,S,ISM,M1,DO,,8.4,MG/L,F01,,,,,,T3
CB4.1C,624741,BAY826,TWQM,MAIN,MDDNR,MDDNR,38.82593,-76.39945,2022-10-06,14:40:00,31.5,,,0.5,S,ISM,M1,DO,,8.1,MG/L,F01,,,,,,T3
CB4.1C,624712,BAY824,TWQM,MAIN,MDDNR,MDDNR,38.82593,-76.39945,2022-09-13,13:12:00,32.0,7.5,16.5,0.5,S,ISM,M1,DO,,8.4,MG/L,F01,,,,,,T3
CB4.1C,625872,BAY823,TWQM,MAIN,MDDNR,MDDNR,38.82593,-76.39945,2022-08-23,12:51:00,32.0,6.5,15.5,0.5,S,ISM,M1,DO,,8.0,MG/L,F01,,,,,,T3
CB4.1C,625871,BAY822,TWQM,MAIN,MDDNR,MDDNR,38.82593,-76.39945,2022-08-09,13:02:00,31.8,13.5,17.5,0.5,S,ISM,M1,DO,,7.5,MG/L,F01,,,,,,T3
CB4.1C,699303,BAY820,TWQM,MAIN,MDDNR,MDDNR,38.82593,-76.39945,2022-07-13,12:41:00,32.0,5.5,12.5,0.5,S,ISM,M1,DO,,8.4,MG/L,F01,,,,,,T3
CB4.1C,621092,BAY819,TWQM,MAIN,MDDNR,MDDNR,38.82593,-76.39945,2022-06-29,12:38:00,32.3,8.5,18.5,0.5,S,ISM,M1,DO,,8.2,MG/L,F01,,,,,,T3
CB4.1C,621061,BAY817,TWQM,MAIN,MDDNR,MDDNR,38.82593,-76.39945,2022-05-17,13:00:00,32.6,2.5,12.5,0.5,S,ISM,M1,DO,,14.4,MG/L,F01,,,,,,T3
CB4.1C,699206,BAY814,TWQM,MAIN,MDDNR,MDDNR,38.82593,-76.39945,2022-04-12,12:42:00,33.5,5.5,13.5,0.5,S,ISM,M1,DO,,11.4,MG/L,F01,,,,,,T3
CB4.1C,611589,BAY812,TWQM,MAIN,MDDNR,MDDNR,38.82593,-76.39945,2022-03-15,13:29:00,33.2,8.5,16.5,0.5,S,ISM,M1,DO,,11.9,MG/L,F01,,,,,,T3
CB4.1C,608274,BAY806,TWQM,MAIN,MDDNR,MDDNR,38.82593,-76.39945,2021-12-08,12:05:00,32.8,,,0.5,S,ISM,M1,DO,,10.2,MG/L,F01,,,,,,T3
CB4.1C,608260,BAY805,TWQM,MAIN,MDDNR,MDDNR,38.82593,-76.39945,2021-11-17,11:57:00,32.7,4.5,17.5,0.5,S,ISM,M1,DO,,10.4,MG/L,F01,,,,,,T3
CB4.1C,608240,BAY802,TWQM,MAIN,MDDNR,MDDNR,38.82593,-76.39945,2021-10-05,12:47:00,32.4,2.5,12.5,0.5,S,ISM,M1,DO,,7.3,MG/L,F01,,,,,,T3
CB4.1C,785801,BAY900,TWQM,MAIN,MDDNR,MDDNR,38.82593,-76.39945,2025-11-18,15:00:00,30.8,,,0.5,S,D,S1,DON,,0.2731,MG/L,D02,CBL,,,,,T3
CB4.1C,785781,BAY898,TWQM,MAIN,MDDNR,MDDNR,38.82593,-76.39945,2025-10-06,12:29:00,31.0,8.5,14.5,0.5,S,D,S1,DON,<,0.3328,MG/L,D02A,CBL,,,,,T3
CB4.1C,785781,BAY898,TWQM,MAIN,MDDNR,MDDNR,38.82593,-76.39945,2025-10-06,12:29:00,31.0,8.5,14.5,0.5,S,D,S1,DON,<,0.3373,MG/L,D02B,CBL,,,,,T3
CB4.1C,785724,BAY895,TWQM,MAIN,MDDNR,MDDNR,38.82593,-76.39945,2025-08-26,12:27:00,30.4,10.5,19.5,0.5,S,D,S1,DON,<,0.3153,MG/L,D02A,CBL,,,,,T3
CB4.1C,785724,BAY895,TWQM,MAIN,MDDNR,MDDNR,38.82593,-76.39945,2025-08-26,12:27:00,30.4,10.5,19.5,0.5,S,D,S1,DON,<,0.3198,MG/L,D02B,CBL,,,,,T3
CB4.1C,785723,BAY894,TWQM,MAIN,MDDNR,MDDNR,38.82593,-76.39945,2025-08-06,12:20:00,30.8,4.5,13.5,0.5,S,D,S1,DON,<,0.2589,MG/L,D02A,CBL,,,,,T3
CB4.1C,785723,BAY894,TWQM,MAIN,MDDNR,MDDNR,38.82593,-76.39945,2025-08-06,12:20:00,30.8,4.5,13.5,0.5,S,D,S1,DON,<,0.2634,MG/L,D02B,CBL,,,,,T3
CB4.1C,785680,BAY893,TWQM,MAIN,MDDNR,MDDNR,38.82593,-76.39945,2025-07-21,12:50:00,31.5,3.5,9.5,0.5,S,D,S1,DON,<,0.347,MG/L,D02A,CBL,,,,,T3
CB4.1C,785680,BAY893,TWQM,MAIN,MDDNR,MDDNR,38.82593,-76.39945,2025-07-21,12:50:00,31.5,3.5,9.5,0.5,S,D,S1,DON,<,0.3515,MG/L,D02B,CBL,,,,,T3
CB4.1C,785833,BAY890,TWQM,MAIN,MDDNR,MDDNR,38.82593,-76.39945,2025-06-09,16:31:00,31.3,4.5,12.5,0.5,S,D,S1,DON,,0.296,MG/L,D02,CBL,,,,,T3
CB4.1C,785649,BAY886,TWQM,MAIN,MDDNR,MDDNR,38.82593,-76.39945,2025-04-15,10:56:00,31.0,1.5,20.5,0.5,S,D,S1,DON,,0.265,MG/L,D02,CBL,,,,,T3
CB4.1C,785611,BAY882,TWQM,MAIN,MDDNR,MDDNR,38.82593,-76.39945,2025-02-04,10:09:00,32.0,3.5,14.5,0.5,S,D,S1,DON,<,0.2302,MG/L,D02A,CBL,,,,,T3
CB4.1C,785611,BAY882,TWQM,MAIN,MDDNR,MDDNR,38.82593,-76.39945,2025-02-04,10:09:00,32.0,3.5,14.5,0.5,S,D,S1,DON,<,0.2347,MG/L,D02B,CBL,,,,,T3
CB4.1C,785597,BAY880,TWQM,MAIN,MDDNR,MDDNR,38.82593,-76.39945,2025-01-13,14:51:00,32.0,,,0.5,S,D,S1,DON,<,0.272,MG/L,D02A,CBL,,,,,T3
CB4.1C,785597,BAY880,TWQM,MAIN,MDDNR,MDDNR,38.82593,-76.39945,2025-01-13,14:51:00,32.0,,,0.5,S,D,S1,DON,<,0.2765,MG/L,D02B,CBL,,,,,T3
CB4.1C,691077,BAY875,TWQM,MAIN,MDDNR,MDDNR,38.82593,-76.39945,2024-10-23,12:47:00,31.0,,,0.5,S,D,S1,DON,<,0.2761,MG/L,D02A,CBL,,,,,T3
CB4.1C,691077,BAY875,TWQM,MAIN,MDDNR,MDDNR,38.82593,-76.39945,2024-10-23,12:47:00,31.0,,,0.5,S,D,S1,DON,<,0.2806,MG/L,D02B,CBL,,,,,T3
CB4.1C,690825,BAY872,TWQM,MAIN,MDDNR,MDDNR,38.82593,-76.39945,2024-09-23,10:41:00,31.0,9.5,21.5,0.5,S,D,S1,DON,<,0.2216,MG/L,D02A,CBL,,,,,T3
CB4.1C,690825,BAY872,TWQM,MAIN,MDDNR,MDDNR,38.82593,-76.39945,2024-09-23,10:41:00,31.0,9.5,21.5,0.5,S,D,S1,DON,<,0.2261,MG/L,D02B,CBL,,,,,T3
CB4.1C,690640,BAY871,TWQM,MAIN,MDDNR,MDDNR,38.82593,-76.39945,2024-08-27,13:24:00,30.5,7.5,15.5,0.5,S,D,S1,DON,,0.2976,MG/L,D02,CBL,,,,,T3
CB4.1C,691274,BAY868,TWQM,MAIN,MDDNR,MDDNR,38.82593,-76.39945,2024-07-16,13:43:00,30.5,10.5,16.5,0.5,S,D,S1,DON,<,0.2492,MG/L,D02A,CBL,,,,,T3
CB4.1C,691274,BAY868,TWQM,MAIN,MDDNR,MDDNR,38.82593,-76.39945,2024-07-16,13:43:00,30.5,10.5,16.5,0.5,S,D,S1,DON,<,0.2537,MG/L,D02B,CBL,,,,,T3
CB4.1C,688805,BAY867,TWQM,MAIN,MDDNR,MDDNR,38.82593,-76.39945,2024-06-26,13:41:00,30.6,14.5,21.5,0.5,S,D,S1,DON,,0.2778,MG/L,D02,CBL,,,,,T3
CB4.1C,688778,BAY866,TWQM,MAIN,MDDNR,MDDNR,38.82593,-76.39945,2024-06-04,13:27:00,31.0,6.5,14.5,0.5,S,D,S1,DON,<,0.289,MG/L,D02A,CBL,,,,,T3
CB4.1C,688778,BAY866,TWQM,MAIN,MDDNR,MDDNR,38.82593,-76.39945,2024-06-04,13:27:00,31.0,6.5,14.5,0.5,S,D,S1,DON,<,0.2935,MG/L,D02B,CBL,,,,,T3
CB4.1C,678074,BAY864,TWQM,MAIN,MDDNR,MDDNR,38.82593,-76.39945,2024-05-14,13:09:00,32.0,10.5,17.5,0.5,S,D,S1,DON,,0.304,MG/L,D02,CBL,,,,,T3
CB4.1C,699623,BAY857,TWQM,MAIN,MDDNR,MDDNR,38.82593,-76.39945,2024-01-24,12:09:00,33.1,3.5,13.5,0.5,S,D,S1,DON,,0.274,MG/L,D02,CBL,,,,,T3
CB4.1C,647860,BAY852,TWQM,MAIN,MDDNR,MDDNR,38.82593,-76.39945,2023-11-16,12:11:00,32.5,10.0,21.0,0.5,S,D,S1,DON,,0.3,MG/L,D02,CBL,,,,,T3
CB4.1C,647720,BAY850,TWQM,MAIN,MDDNR,MDDNR,38.82593,-76.39945,2023-10-05,12:59:00,32.3,,,0.5,S,D,S1,DON,,0.263,MG/L,D02,CBL,,,,,T3
CB4.1C,670855,BAY848,TWQM,MAIN,MDDNR,MDDNR,38.82593,-76.39945,2023-09-12,13:29:00,32.2,3.5,18.5,0.5,S,D,S1,DON,<,0.2955,MG/L,D02A,CBL,,,,,T3
CB4.1C,670855,BAY848,TWQM,MAIN,MDDNR,MDDNR,38.82593,-76.39945,2023-09-12,13:29:00,32.2,3.5,18.5,0.5,S,D,S1,DON,<,0.3,MG/L,D02B,CBL,,,,,T3
CB4.1C,670975,BAY847,TWQM,MAIN,MDDNR,MDDNR,38.82593,-76.39945,2023-08-29,12:54:00,32.2,7.5,17.5,0.5,S,D,S1,DON,<,0.2714,MG/L,D02A,CBL,,,,,T3
CB4.1C,670975,BAY847,TWQM,MAIN,MDDNR,MDDNR,38.82593,-76.39945,2023-08-29,12:54:00,32.2,7.5,17.5,0.5,S,D,S1,DON,<,0.2759,MG/L,D02B,CBL,,,,,T3
CB4.1C,670930,BAY844,TWQM,MAIN,MDDNR,MDDNR,38.82593,-76.39945,2023-07-11,13:18:00,32.4,3.5,19.5,0.5,S,D,S1,DON,<,0.2798,MG/L,D02A,CBL,,,,,T3
CB4.1C,670930,BAY844,TWQM,MAIN,MDDNR,MDDNR,38.82593,-76.39945,2023-07-11,13:18:00,32.4,3.5,19.5,0.5,S,D,S1,DON,<,0.2843,MG/L,D02B,CBL,,,,,T3
CB4.1C,670886,BAY843,TWQM,MAIN,MDDNR,MDDNR,38.82593,-76.39945,2023-06-27,13:33:00,32.5,6.5,21.5,0.5,S,D,S1,DON,,0.2866,MG/L,D02,CBL,,,,,T3
CB4.1C,670885,BAY842,TWQM,MAIN,MDDNR,MDDNR,38.82593,-76.39945,2023-06-06,12:44:00,32.5,4.5,8.5,0.5,S,D,S1,DON,,0.2691,MG/L,D02,CBL,,,,,T3
CB4.1C,645396,BAY840,TWQM,MAIN,MDDNR,MDDNR,38.82593,-76.39945,2023-05-09,12:49:00,32.8,2.5,15.5,0.5,S,D,S1,DON,,0.22,MG/L,D02,CBL,,,,,T3
CB4.1C,670574,BAY838,TWQM,MAIN,MDDNR,MDDNR,38.82593,-76.39945,2023-04-11,12:52:00,33.1,7.5,18.5,0.5,S,D,S1,DON,,0.248,MG/L,D02,CBL,,,,,T3
CB4.1C,640322,BAY836,TWQM,MAIN,MDDNR,MDDNR,38.82593,-76.39945,2023-03-16,13:36:00,33.3,11.5,16.5,0.5,S,D,S1,DON,,0.204,MG/L,D02,CBL,,,,,T3
CB4.1C,640342,BAY832,TWQM,MAIN,MDDNR,MDDNR,38.82593,-76.39945,2023-01-10,12:02:00,33.1,0.7,4.5,0.5,S,D,S1,DON,,0.23,MG/L,D02,CBL,,,,,T3
CB4.1C,624768,BAY830,TWQM,MAIN,MDDNR,MDDNR,38.82593,-76.39945,2022-12-06,11:52:00,33.0,,,0.5,S,D,S1,DON,,0.2431,MG/L,D02,CBL,,,,,T3
CB4.1C,624755,BAY828,TWQM,MAIN,MDDNR,MDDNR,38.82593,-76.39945,2022-11-15,12:00:00,32.4,14.5,17.5,0.5,S,D,S1,DON,,0.2714,MG/L,D02,CBL,,,,,T3
CB4.1C,624741,BAY826,TWQM,MAIN,MDDNR,MDDNR,38.82593,-76.39945,2022-10-06,14:40:00,31.5,,,0.5,S,D,S1,DON,,0.2778,MG/L,D02,CBL,,,,,T3
CB4.1C,624712,BAY824,TWQM,MAIN,MDDNR,MDDNR,38.82593,-76.39945,2022-09-13,13:12:00,32.0,7.5,16.5,0.5,S,D,S1,DON,<,0.3375,MG/L,D02A,CBL,QQ,,,,T3
CB4.1C,624712,BAY824,TWQM,MAIN,MDDNR,MDDNR,38.82593,-76.39945,2022-09-13,13:12:00,32.0,7.5,16.5,0.5,S,D,S1,DON,<,0.33825,MG/L,D02B,CBL,QQ,,,,T3
CB4.1C,625872,BAY823,TWQM,MAIN,MDDNR,MDDNR,38.82593,-76.39945,2022-08-23,12:51:00,32.0,6.5,15.5,0.5,S,D,S1,DON,<,0.2815,MG/L,D02A,CBL,,,,,T3
CB4.1C,625872,BAY823,TWQM,MAIN,MDDNR,MDDNR,38.82593,-76.39945,2022-08-23,12:51:00,32.0,6.5,15.5,0.5,S,D,S1,DON,<,0.286,MG/L,D02B,CBL,,,,,T3
CB4.1C,625871,BAY822,TWQM,MAIN,MDDNR,MDDNR,38.82593,-76.39945,2022-08-09,13:02:00,31.8,13.5,17.5,0.5,S,D,S1,DON,<,0.2489,MG/L,D02A,CBL,,,,,T3
CB4.1C,625871,BAY822,TWQM,MAIN,MDDNR,MDDNR,38.82593,-76.39945,2022-08-09,13:02:00,31.8,13.5,17.5,0.5,S,D,S1,DON,<,0.2534,MG/L,D02B,CBL,,,,,T3
CB4.1C,699303,BAY820,TWQM,MAIN,MDDNR,MDDNR,38.82593,-76.39945,2022-07-13,12:41:00,32.0,5.5,12.5,0.5,S,D,S1,DON,<,0.2395,MG/L,D02A,CBL,QQ,,,,T3
CB4.1C,699303,BAY820,TWQM,MAIN,MDDNR,MDDNR,38.82593,-76.39945,2022-07-13,12:41:00,32.0,5.5,12.5,0.5,S,D,S1,DON,<,0.24025,MG/L,D02B,CBL,QQ,,,,T3
CB4.1C,621092,BAY819,TWQM,MAIN,MDDNR,MDDNR,38.82593,-76.39945,2022-06-29,12:38:00,32.3,8.5,18.5,0.5,S,D,S1,DON,,0.2108,MG/L,D02,CBL,,,,,T3
CB4.1C,621061,BAY817,TWQM,MAIN,MDDNR,MDDNR,38.82593,-76.39945,2022-05-17,13:00:00,32.6,2.5,12.5,0.5,S,D,S1,DON,<,0.208,MG/L,D02A,CBL,,,,,T3
CB4.1C,621061,BAY817,TWQM,MAIN,MDDNR,MDDNR,38.82593,-76.39945,2022-05-17,13:00:00,32.6,2.5,12.5,0.5,S,D,S1,DON,<,0.2125,MG/L,D02B,CBL,,,,,T3
CB4.1C,699206,BAY814,TWQM,MAIN,MDDNR,MDDNR,38.82593,-76.39945,2022-04-12,12:42:00,33.5,5.5,13.5,0.5,S,D,S1,DON,,0.328,MG/L,D02,CBL,,,,,T3
CB4.1C,611589,BAY812,TWQM,MAIN,MDDNR,MDDNR,38.82593,-76.39945,2022-03-15,13:29:00,33.2,8.5,16.5,0.5,S,D,S1,DON,,0.278,MG/L,D02,CBL,,,,,T3
CB4.1C,608274,BAY806,TWQM,MAIN,MDDNR,MDDNR,38.82593,-76.39945,2021-12-08,12:05:00,32.8,,,0.5,S,D,S1,DON,,0.228,MG/L,D02,CBL,,,,,T3
CB4.1C,608260,BAY805,TWQM,MAIN,MDDNR,MDDNR,38.82593,-76.39945,2021-11-17,11:57:00,32.7,4.5,17.5,0.5,S,D,S1,DON,,0.286,MG/L,D02,CBL,,,,,T3
CB4.1C,608240,BAY802,TWQM,MAIN,MDDNR,MDDNR,38.82593,-76.39945,2021-10-05,12:47:00,32.4,2.5,12.5,0.5,S,D,S1,DON,,0.26,MG/L,D02,CBL,,,,,T3
CB4.1C,785801,BAY900,TWQM,MAIN,MDDNR,MDDNR,38.82593,-76.39945,2025-11-18,15:00:00,30.8,,,0.5,S,D,S1,DOP,<,0.0055,MG/L,D01A,CBL,,,,,T3
CB4.1C,785801,BAY900,TWQM,MAIN,MDDNR,MDDNR,38.82593,-76.39945,2025-11-18,15:00:00,30.8,,,0.5,S,D,S1,DOP,<,0.0072,MG/L,D01B,CBL,,,,,T3
CB4.1C,785781,BAY898,TWQM,MAIN,MDDNR,MDDNR,38.82593,-76.39945,2025-10-06,12:29:00,31.0,8.5,14.5,0.5,S,D,S1,DOP,<,0.0052,MG/L,D01A,CBL,,,,,T3
CB4.1C,785781,BAY898,TWQM,MAIN,MDDNR,MDDNR,38.82593,-76.39945,2025-10-06,12:29:00,31.0,8.5,14.5,0.5,S,D,S1,DOP,<,0.0069,MG/L,D01B,CBL,,,,,T3
CB4.1C,785724,BAY895,TWQM,MAIN,MDDNR,MDDNR,38.82593,-76.39945,2025-08-26,12:27:00,30.4,10.5,19.5,0.5,S,D,S1,DOP,<,0.0069,MG/L,D01A,CBL,,,,,T3
CB4.1C,785724,BAY895,TWQM,MAIN,MDDNR,MDDNR,38.82593,-76.39945,2025-08-26,12:27:00,30.4,10.5,19.5,0.5,S,D,S1,DOP,<,0.0086,MG/L,D01B,CBL,,,,,T3
CB4.1C,785723,BAY894,TWQM,MAIN,MDDNR,MDDNR,38.82593,-76.39945,2025-08-06,12:20:00,30.8,4.5,13.5,0.5,S,D,S1,DOP,<,0.004,MG/L,D01A,CBL,,,,,T3
CB4.1C,785723,BAY894,TWQM,MAIN,MDDNR,MDDNR,38.82593,-76.39945,2025-08-06,12:20:00,30.8,4.5,13.5,0.5,S,D,S1,DOP,<,0.0057,MG/L,D01B,CBL,,,,,T3
CB4.1C,785680,BAY893,TWQM,MAIN,MDDNR,MDDNR,38.82593,-76.39945,2025-07-21,12:50:00,31.5,3.5,9.5,0.5,S,D,S1,DOP,<,0.0079,MG/L,D01A,CBL,,,,,T3
CB4.1C,785680,BAY893,TWQM,MAIN,MDDNR,MDDNR,38.82593,-76.39945,2025-07-21,12:50:00,31.5,3.5,9.5,0.5,S,D,S1,DOP,<,0.0096,MG/L,D01B,CBL,,,,,T3
CB4.1C,785833,BAY890,TWQM,MAIN,MDDNR,MDDNR,38.82593,-76.39945,2025-06-09,16:31:00,31.3,4.5,12.5,0.5,S,D,S1,DOP,<,0.0029,MG/L,D01A,CBL,,,,,T3
CB4.1C,785833,BAY890,TWQM,MAIN,MDDNR,MDDNR,38.82593,-76.39945,2025-06-09,16:31:00,31.3,4.5,12.5,0.5,S,D,S1,DOP,<,0.0046,MG/L,D01B,CBL,,,,,T3
CB4.1C,785649,BAY886,TWQM,MAIN,MDDNR,MDDNR,38.82593,-76.39945,2025-04-15,10:56:00,31.0,1.5,20.5,0.5,S,D,S1,DOP,<,0.001,MG/L,D01A,CBL,,,,,T3
CB4.1C,785649,BAY886,TWQM,MAIN,MDDNR,MDDNR,38.82593,-76.39945,2025-04-15,10:56:00,31.0,1.5,20.5,0.5,S,D,S1,DOP,<,0.0027,MG/L,D01B,CBL,,,,,T3
CB4.1C,785611,BAY882,TWQM,MAIN,MDDNR,MDDNR,38.82593,-76.39945,2025-02-04,10:09:00,32.0,3.5,14.5,0.5,S,D,S1,DOP,<,0.0026,MG/L,D01A,CBL,,,,,T3
CB4.1C,785611,BAY882,TWQM,MAIN,MDDNR,MDDNR,38.82593,-76.39945,2025-02-04,10:09:00,32.0,3.5,14.5,0.5,S,D,S1,DOP,<,0.0043,MG/L,D01B,CBL,,,,,T3
CB4.1C,785597,BAY880,TWQM,MAIN,MDDNR,MDDNR,38.82593,-76.39945,2025-01-13,14:51:00,32.0,,,0.5,S,D,S1,DOP,<,0.0021,MG/L,D01A,CBL,,,,,T3
CB4.1C,785597,BAY880,TWQM,MAIN,MDDNR,MDDNR,38.82593,-76.39945,2025-01-13,14:51:00,32.0,,,0.5,S,D,S1,DOP,<,0.0038,MG/L,D01B,CBL,,,,,T3
CB4.1C,691077,BAY875,TWQM,MAIN,MDDNR,MDDNR,38.82593,-76.39945,2024-10-23,12:47:00,31.0,,,0.5,S,D,S1,DOP,<,0.0045,MG/L,D01A,CBL,,,,,T3
CB4.1C,691077,BAY875,TWQM,MAIN,MDDNR,MDDNR,38.82593,-76.39945,2024-10-23,12:47:00,31.0,,,0.5,S,D,S1,DOP,<,0.0062,MG/L,D01B,CBL,,,,,T3
CB4.1C,690825,BAY872,TWQM,MAIN,MDDNR,MDDNR,38.82593,-76.39945,2024-09-23,10:41:00,31.0,9.5,21.5,0.5,S,D,S1,DOP,<,0.0085,MG/L,D01A,CBL,,,,,T3
CB4.1C,690825,BAY872,TWQM,MAIN,MDDNR,MDDNR,38.82593,-76.39945,2024-09-23,10:41:00,31.0,9.5,21.5,0.5,S,D,S1,DOP,<,0.0102,MG/L,D01B,CBL,,,,,T3
CB4.1C,690640,BAY871,TWQM,MAIN,MDDNR,MDDNR,38.82593,-76.39945,2024-08-27,13:24:00,30.5,7.5,15.5,0.5,S,D,S1,DOP,,0.0105,MG/L,D01,CBL,,,,,T3
CB4.1C,691274,BAY868,TWQM,MAIN,MDDNR,MDDNR,38.82593,-76.39945,2024-07-16,13:43:00,30.5,10.5,16.5,0.5,S,D,S1,DOP,<,0.0051,MG/L,D01A,CBL,,,,,T3
CB4.1C,691274,BAY868,TWQM,MAIN,MDDNR,MDDNR,38.82593,-76.39945,2024-07-16,13:43:00,30.5,10.5,16.5,0.5,S,D,S1,DOP,<,0.0068,MG/L,D01B,CBL,,,,,T3
CB4.1C,688805,BAY867,TWQM,MAIN,MDDNR,MDDNR,38.82593,-76.39945,2024-06-26,13:41:00,30.6,14.5,21.5,0.5,S,D,S1,DOP,<,0.0036,MG/L,D01A,CBL,,,,,T3
CB4.1C,688805,BAY867,TWQM,MAIN,MDDNR,MDDNR,38.82593,-76.39945,2024-06-26,13:41:00,30.6,14.5,21.5,0.5,S,D,S1,DOP,<,0.0053,MG/L,D01B,CBL,,,,,T3
CB4.1C,688778,BAY866,TWQM,MAIN,MDDNR,MDDNR,38.82593,-76.39945,2024-06-04,13:27:00,31.0,6.5,14.5,0.5,S,D,S1,DOP,<,0.0036,MG/L,D01A,CBL,,,,,T3
CB4.1C,688778,BAY866,TWQM,MAIN,MDDNR,MDDNR,38.82593,-76.39945,2024-06-04,13:27:00,31.0,6.5,14.5,0.5,S,D,S1,DOP,<,0.0053,MG/L,D01B,CBL,,,,,T3
CB4.1C,678074,BAY864,TWQM,MAIN,MDDNR,MDDNR,38.82593,-76.39945,2024-05-14,13:09:00,32.0,10.5,17.5,0.5,S,D,S1,DOP,<,0.0028,MG/L,D01A,CBL,,,,,T3
CB4.1C,678074,BAY864,TWQM,MAIN,MDDNR,MDDNR,38.82593,-76.39945,2024-05-14,13:09:00,32.0,10.5,17.5,0.5,S,D,S1,DOP,<,0.0045,MG/L,D01B,CBL,,,,,T3
CB4.1C,699623,BAY857,TWQM,MAIN,MDDNR,MDDNR,38.82593,-76.39945,2024-01-24,12:09:00,33.1,3.5,13.5,0.5,S,D,S1,DOP,,0.0071,MG/L,D01,CBL,,,,,T3
CB4.1C,647860,BAY852,TWQM,MAIN,MDDNR,MDDNR,38.82593,-76.39945,2023-11-16,12:11:00,32.5,10.0,21.0,0.5,S,D,S1,DOP,<,0.008,MG/L,D01A,CBL,,,,,T3
CB4.1C,647860,BAY852,TWQM,MAIN,MDDNR,MDDNR,38.82593,-76.39945,2023-11-16,12:11:00,32.5,10.0,21.0,0.5,S,D,S1,DOP,<,0.0097,MG/L,D01B,CBL,,,,,T3
CB4.1C,647720,BAY850,TWQM,MAIN,MDDNR,MDDNR,38.82593,-76.39945,2023-10-05,12:59:00,32.3,,,0.5,S,D,S1,DOP,,0.0046,MG/L,D01,CBL,,,,,T3
CB4.1C,670855,BAY848,TWQM,MAIN,MDDNR,MDDNR,38.82593,-76.39945,2023-09-12,13:29:00,32.2,3.5,18.5,0.5,S,D,S1,DOP,<,0.0054,MG/L,D01A,CBL,,,,,T3
CB4.1C,670855,BAY848,TWQM,MAIN,MDDNR,MDDNR,38.82593,-76.39945,2023-09-12,13:29:00,32.2,3.5,18.5,0.5,S,D,S1,DOP,<,0.0071,MG/L,D01B,CBL,,,,,T3
CB4.1C,670975,BAY847,TWQM,MAIN,MDDNR,MDDNR,38.82593,-76.39945,2023-08-29,12:54:00,32.2,7.5,17.5,0.5,S,D,S1,DOP,,0.0104,MG/L,D01,CBL,,,,,T3
CB4.1C,670930,BAY844,TWQM,MAIN,MDDNR,MDDNR,38.82593,-76.39945,2023-07-11,13:18:00,32.4,3.5,19.5,0.5,S,D,S1,DOP,,0.006,MG/L,D01,CBL,,,,,T3
CB4.1C,670886,BAY843,TWQM,MAIN,MDDNR,MDDNR,38.82593,-76.39945,2023-06-27,13:33:00,32.5,6.5,21.5,0.5,S,D,S1,DOP,,0.0068,MG/L,D01,CBL,,,,,T3
CB4.1C,670885,BAY842,TWQM,MAIN,MDDNR,MDDNR,38.82593,-76.39945,2023-06-06,12:44:00,32.5,4.5,8.5,0.5,S,D,S1,DOP,<,0.0044,MG/L,D01A,CBL,,,,,T3
CB4.1C,670885,BAY842,TWQM,MAIN,MDDNR,MDDNR,38.82593,-76.39945,2023-06-06,12:44:00,32.5,4.5,8.5,0.5,S,D,S1,DOP,<,0.0061,MG/L,D01B,CBL,,,,,T3
CB4.1C,645396,BAY840,TWQM,MAIN,MDDNR,MDDNR,38.82593,-76.39945,2023-05-09,12:49:00,32.8,2.5,15.5,0.5,S,D,S1,DOP,<,0.0022,MG/L,D01A,CBL,,,,,T3
CB4.1C,645396,BAY840,TWQM,MAIN,MDDNR,MDDNR,38.82593,-76.39945,2023-05-09,12:49:00,32.8,2.5,15.5,0.5,S,D,S1,DOP,<,0.0039,MG/L,D01B,CBL,,,,,T3
CB4.1C,670574,BAY838,TWQM,MAIN,MDDNR,MDDNR,38.82593,-76.39945,2023-04-11,12:52:00,33.1,7.5,18.5,0.5,S,D,S1,DOP,<,0.0038,MG/L,D01A,CBL,,,,,T3
CB4.1C,670574,BAY838,TWQM,MAIN,MDDNR,MDDNR,38.82593,-76.39945,2023-04-11,12:52:00,33.1,7.5,18.5,0.5,S,D,S1,DOP,<,0.0055,MG/L,D01B,CBL,,,,,T3
CB4.1C,640322,BAY836,TWQM,MAIN,MDDNR,MDDNR,38.82593,-76.39945,2023-03-16,13:36:00,33.3,11.5,16.5,0.5,S,D,S1,DOP,<,0.0057,MG/L,D01A,CBL,,,,,T3
CB4.1C,640322,BAY836,TWQM,MAIN,MDDNR,MDDNR,38.82593,-76.39945,2023-03-16,13:36:00,33.3,11.5,16.5,0.5,S,D,S1,DOP,<,0.0074,MG/L,D01B,CBL,,,,,T3
CB4.1C,640342,BAY832,TWQM,MAIN,MDDNR,MDDNR,38.82593,-76.39945,2023-01-10,12:02:00,33.1,0.7,4.5,0.5,S,D,S1,DOP,,0.005,MG/L,D01,CBL,,,,,T3
CB4.1C,624768,BAY830,TWQM,MAIN,MDDNR,MDDNR,38.82593,-76.39945,2022-12-06,11:52:00,33.0,,,0.5,S,D,S1,DOP,<,0.0058,MG/L,D01A,CBL,,,,,T3
CB4.1C,624768,BAY830,TWQM,MAIN,MDDNR,MDDNR,38.82593,-76.39945,2022-12-06,11:52:00,33.0,,,0.5,S,D,S1,DOP,<,0.0075,MG/L,D01B,CBL,,,,,T3
CB4.1C,624755,BAY828,TWQM,MAIN,MDDNR,MDDNR,38.82593,-76.39945,2022-11-15,12:00:00,32.4,14.5,17.5,0.5,S,D,S1,DOP,<,0.007,MG/L,D01A,CBL,,,,,T3
CB4.1C,624755,BAY828,TWQM,MAIN,MDDNR,MDDNR,38.82593,-76.39945,2022-11-15,12:00:00,32.4,14.5,17.5,0.5,S,D,S1,DOP,<,0.0087,MG/L,D01B,CBL,,,,,T3
CB4.1C,624741,BAY826,TWQM,MAIN,MDDNR,MDDNR,38.82593,-76.39945,2022-10-06,14:40:00,31.5,,,0.5,S,D,S1,DOP,,0.0122,MG/L,D01,CBL,,,,,T3
CB4.1C,624712,BAY824,TWQM,MAIN,MDDNR,MDDNR,38.82593,-76.39945,2022-09-13,13:12:00,32.0,7.5,16.5,0.5,S,D,S1,DOP,,0.0119,MG/L,D01,CBL,,,,,T3
CB4.1C,625872,BAY823,TWQM,MAIN,MDDNR,MDDNR,38.82593,-76.39945,2022-08-23,12:51:00,32.0,6.5,15.5,0.5,S,D,S1,DOP,<,0.0073,MG/L,D01A,CBL,,,,,T3
CB4.1C,625872,BAY823,TWQM,MAIN,MDDNR,MDDNR,38.82593,-76.39945,2022-08-23,12:51:00,32.0,6.5,15.5,0.5,S,D,S1,DOP,<,0.009,MG/L,D01B,CBL,,,,,T3
CB4.1C,625871,BAY822,TWQM,MAIN,MDDNR,MDDNR,38.82593,-76.39945,2022-08-09,13:02:00,31.8,13.5,17.5,0.5,S,D,S1,DOP,,0.006,MG/L,D01,CBL,,,,,T3
CB4.1C,699303,BAY820,TWQM,MAIN,MDDNR,MDDNR,38.82593,-76.39945,2022-07-13,12:41:00,32.0,5.5,12.5,0.5,S,D,S1,DOP,<,0.0061,MG/L,D01A,CBL,,,,,T3
CB4.1C,699303,BAY820,TWQM,MAIN,MDDNR,MDDNR,38.82593,-76.39945,2022-07-13,12:41:00,32.0,5.5,12.5,0.5,S,D,S1,DOP,<,0.0078,MG/L,D01B,CBL,,,,,T3
CB4.1C,621092,BAY819,TWQM,MAIN,MDDNR,MDDNR,38.82593,-76.39945,2022-06-29,12:38:00,32.3,8.5,18.5,0.5,S,D,S1,DOP,,0.004,MG/L,D01,CBL,,,,,T3
CB4.1C,621061,BAY817,TWQM,MAIN,MDDNR,MDDNR,38.82593,-76.39945,2022-05-17,13:00:00,32.6,2.5,12.5,0.5,S,D,S1,DOP,<,0.0055,MG/L,D01A,CBL,,,,,T3
CB4.1C,621061,BAY817,TWQM,MAIN,MDDNR,MDDNR,38.82593,-76.39945,2022-05-17,13:00:00,32.6,2.5,12.5,0.5,S,D,S1,DOP,<,0.0072,MG/L,D01B,CBL,,,,,T3
CB4.1C,699206,BAY814,TWQM,MAIN,MDDNR,MDDNR,38.82593,-76.39945,2022-04-12,12:42:00,33.5,5.5,13.5,0.5,S,D,S1,DOP,,0.0046,MG/L,D01,CBL,,,,,T3
CB4.1C,611589,BAY812,TWQM,MAIN,MDDNR,MDDNR,38.82593,-76.39945,2022-03-15,13:29:00,33.2,8.5,16.5,0.5,S,D,S1,DOP,<,0.0027,MG/L,D01A,CBL,,,,,T3
CB4.1C,611589,BAY812,TWQM,MAIN,MDDNR,MDDNR,38.82593,-76.39945,2022-03-15,13:29:00,33.2,8.5,16.5,0.5,S,D,S1,DOP,<,0.0044,MG/L,D01B,CBL,,,,,T3
CB4.1C,608274,BAY806,TWQM,MAIN,MDDNR,MDDNR,38.82593,-76.39945,2021-12-08,12:05:00,32.8,,,0.5,S,D,S1,DOP,<,0.0062,MG/L,D01A,CBL,,,,,T3
CB4.1C,608274,BAY806,TWQM,MAIN,MDDNR,MDDNR,38.82593,-76.39945,2021-12-08,12:05:00,32.8,,,0.5,S,D,S1,DOP,<,0.0079,MG/L,D01B,CBL,,,,,T3
CB4.1C,608260,BAY805,TWQM,MAIN,MDDNR,MDDNR,38.82593,-76.39945,2021-11-17,11:57:00,32.7,4.5,17.5,0.5,S,D,S1,DOP,,0.0237,MG/L,D01,CBL,,,,,T3
CB4.1C,608240,BAY802,TWQM,MAIN,MDDNR,MDDNR,38.82593,-76.39945,2021-10-05,12:47:00,32.4,2.5,12.5,0.5,S,D,S1,DOP,,0.0094,MG/L,D01,CBL,,,,,T3
CB4.1C,785801,BAY900,TWQM,MAIN,MDDNR,MDDNR,38.82593,-76.39945,2025-11-18,15:00:00,30.8,,,0.0,S,ISM,M1,KD,,0.77336,1/M,D01,,,,,,T3
CB4.1C,785781,BAY898,TWQM,MAIN,MDDNR,MDDNR,38.82593,-76.39945,2025-10-06,12:29:00,31.0,8.5,14.5,0.0,S,ISM,M1,KD,,0.52989,1/M,D01,,,,,,T3
CB4.1C,785724,BAY895,TWQM,MAIN,MDDNR,MDDNR,38.82593,-76.39945,2025-08-26,12:27:00,30.4,10.5,19.5,0.0,S,ISM,M1,KD,,0.90316,1/M,D01,,,,,,T3
CB4.1C,785723,BAY894,TWQM,MAIN,MDDNR,MDDNR,38.82593,-76.39945,2025-08-06,12:20:00,30.8,4.5,13.5,0.0,S,ISM,M1,KD,,1.03645,1/M,D01,,,,,,T3
CB4.1C,785680,BAY893,TWQM,MAIN,MDDNR,MDDNR,38.82593,-76.39945,2025-07-21,12:50:00,31.5,3.5,9.5,0.0,S,ISM,M1,KD,,1.50514,1/M,D01,,,,,,T3
CB4.1C,785833,BAY890,TWQM,MAIN,MDDNR,MDDNR,38.82593,-76.39945,2025-06-09,16:31:00,31.3,4.5,12.5,0.0,S,ISM,M1,KD,,1.07413,1/M,D01,,,,,,T3
CB4.1C,785649,BAY886,TWQM,MAIN,MDDNR,MDDNR,38.82593,-76.39945,2025-04-15,10:56:00,31.0,1.5,20.5,0.0,S,ISM,M1,KD,,0.69639,1/M,D01,,,,,,T3
CB4.1C,785611,BAY882,TWQM,MAIN,MDDNR,MDDNR,38.82593,-76.39945,2025-02-04,10:09:00,32.0,3.5,14.5,0.0,S,ISM,M1,KD,,0.7609,1/M,D01,,,,,,T3
CB4.1C,785597,BAY880,TWQM,MAIN,MDDNR,MDDNR,38.82593,-76.39945,2025-01-13,14:51:00,32.0,,,0.0,S,ISM,M1,KD,,0.88912,1/M,D01,,,,,,T3
CB4.1C,691077,BAY875,TWQM,MAIN,MDDNR,MDDNR,38.82593,-76.39945,2024-10-23,12:47:00,31.0,,,0.0,S,ISM,M1,KD,,0.72286,1/M,D01,,,,,,T3
CB4.1C,690825,BAY872,TWQM,MAIN,MDDNR,MDDNR,38.82593,-76.39945,2024-09-23,10:41:00,31.0,9.5,21.5,0.0,S,ISM,M1,KD,,0.79954,1/M,D01,,,,,,T3
CB4.1C,690640,BAY871,TWQM,MAIN,MDDNR,MDDNR,38.82593,-76.39945,2024-08-27,13:24:00,30.5,7.5,15.5,0.0,S,ISM,M1,KD,,1.15706,1/M,D01,,,,,,T3
CB4.1C,691274,BAY868,TWQM,MAIN,MDDNR,MDDNR,38.82593,-76.39945,2024-07-16,13:43:00,30.5,10.5,16.5,0.0,S,ISM,M1,KD,,1.26819,1/M,D01,,,,,,T3
CB4.1C,688805,BAY867,TWQM,MAIN,MDDNR,MDDNR,38.82593,-76.39945,2024-06-26,13:41:00,30.6,14.5,21.5,0.0,S,ISM,M1,KD,,0.93722,1/M,D01,,,,,,T3
CB4.1C,688778,BAY866,TWQM,MAIN,MDDNR,MDDNR,38.82593,-76.39945,2024-06-04,13:27:00,31.0,6.5,14.5,0.0,S,ISM,M1,KD,,0.86501,1/M,D01,,,,,,T3
CB4.1C,678074,BAY864,TWQM,MAIN,MDDNR,MDDNR,38.82593,-76.39945,2024-05-14,13:09:00,32.0,10.5,17.5,0.0,S,ISM,M1,KD,,0.78569,1/M,D01,,,,,,T3
CB4.1C,699623,BAY857,TWQM,MAIN,MDDNR,MDDNR,38.82593,-76.39945,2024-01-24,12:09:00,33.1,3.5,13.5,0.0,S,ISM,M1,KD,,1.3541,1/M,D01,,,,,,T3
CB4.1C,647860,BAY852,TWQM,MAIN,MDDNR,MDDNR,38.82593,-76.39945,2023-11-16,12:11:00,32.5,10.0,21.0,0.0,S,ISM,M1,KD,,0.90147,1/M,D01,,,,,,T3
CB4.1C,647720,BAY850,TWQM,MAIN,MDDNR,MDDNR,38.82593,-76.39945,2023-10-05,12:59:00,32.3,,,0.0,S,ISM,M1,KD,,0.94153,1/M,D01,,,,,,T3
CB4.1C,670855,BAY848,TWQM,MAIN,MDDNR,MDDNR,38.82593,-76.39945,2023-09-12,13:29:00,32.2,3.5,18.5,0.0,S,ISM,M1,KD,,1.06186,1/M,D01,,,,,,T3
CB4.1C,670975,BAY847,TWQM,MAIN,MDDNR,MDDNR,38.82593,-76.39945,2023-08-29,12:54:00,32.2,7.5,17.5,0.0,S,ISM,M1,KD,,0.86652,1/M,D01,,,,,,T3
CB4.1C,670930,BAY844,TWQM,MAIN,MDDNR,MDDNR,38.82593,-76.39945,2023-07-11,13:18:00,32.4,3.5,19.5,0.0,S,ISM,M1,KD,,0.96636,1/M,D01,,,,,,T3
CB4.1C,670886,BAY843,TWQM,MAIN,MDDNR,MDDNR,38.82593,-76.39945,2023-06-27,13:33:00,32.5,6.5,21.5,0.0,S,ISM,M1,KD,,0.99901,1/M,D01,,,,,,T3
CB4.1C,670885,BAY842,TWQM,MAIN,MDDNR,MDDNR,38.82593,-76.39945,2023-06-06,12:44:00,32.5,4.5,8.5,0.0,S,ISM,M1,KD,,0.93964,1/M,D01,,,,,,T3
CB4.1C,645396,BAY840,TWQM,MAIN,MDDNR,MDDNR,38.82593,-76.39945,2023-05-09,12:49:00,32.8,2.5,15.5,0.0,S,ISM,M1,KD,,0.64923,1/M,D01,,,,,,T3
CB4.1C,670574,BAY838,TWQM,MAIN,MDDNR,MDDNR,38.82593,-76.39945,2023-04-11,12:52:00,33.1,7.5,18.5,0.0,S,ISM,M1,KD,,0.62892,1/M,D01,,,,,,T3
CB4.1C,640322,BAY836,TWQM,MAIN,MDDNR,MDDNR,38.82593,-76.39945,2023-03-16,13:36:00,33.3,11.5,16.5,0.0,S,ISM,M1,KD,,0.74107,1/M,D01,,,,,,T3
CB4.1C,640342,BAY832,TWQM,MAIN,MDDNR,MDDNR,38.82593,-76.39945,2023-01-10,12:02:00,33.1,0.7,4.5,0.0,S,ISM,M1,KD,,0.98318,1/M,D01,,,,,,T3
CB4.1C,624768,BAY830,TWQM,MAIN,MDDNR,MDDNR,38.82593,-76.39945,2022-12-06,11:52:00,33.0,,,0.0,S,ISM,M1,KD,,0.46997,1/M,D01,,,,,,T3
CB4.1C,624755,BAY828,TWQM,MAIN,MDDNR,MDDNR,38.82593,-76.39945,2022-11-15,12:00:00,32.4,14.5,17.5,0.0,S,ISM,M1,KD,,0.62011,1/M,D01,,,,,,T3
CB4.1C,624741,BAY826,TWQM,MAIN,MDDNR,MDDNR,38.82593,-76.39945,2022-10-06,14:40:00,31.5,,,0.0,S,ISM,M1,KD,,0.83802,1/M,D01,,,,,,T3
CB4.1C,624712,BAY824,TWQM,MAIN,MDDNR,MDDNR,38.82593,-76.39945,2022-09-13,13:12:00,32.0,7.5,16.5,0.0,S,ISM,M1,KD,,0.95375,1/M,D01,,,,,,T3
CB4.1C,625872,BAY823,TWQM,MAIN,MDDNR,MDDNR,38.82593,-76.39945,2022-08-23,12:51:00,32.0,6.5,15.5,0.0,S,ISM,M1,KD,,0.0,1/M,D01,,,,,,T3
CB4.1C,625871,BAY822,TWQM,MAIN,MDDNR,MDDNR,38.82593,-76.39945,2022-08-09,13:02:00,31.8,13.5,17.5,0.0,S,ISM,M1,KD,,0.0,1/M,D01,,,,,,T3
CB4.1C,699303,BAY820,TWQM,MAIN,MDDNR,MDDNR,38.82593,-76.39945,2022-07-13,12:41:00,32.0,5.5,12.5,0.0,S,ISM,M1,KD,,0.89447,1/M,D01,,,,,,T3
CB4.1C,621092,BAY819,TWQM,MAIN,MDDNR,MDDNR,38.82593,-76.39945,2022-06-29,12:38:00,32.3,8.5,18.5,0.0,S,ISM,M1,KD,,0.0,1/M,D01,,,,,,T3
CB4.1C,621061,BAY817,TWQM,MAIN,MDDNR,MDDNR,38.82593,-76.39945,2022-05-17,13:00:00,32.6,2.5,12.5,0.0,S,ISM,M1,KD,,0.0,1/M,D01,,,,,,T3
CB4.1C,699206,BAY814,TWQM,MAIN,MDDNR,MDDNR,38.82593,-76.39945,2022-04-12,12:42:00,33.5,5.5,13.5,0.0,S,ISM,M1,KD,,1.0714,1/M,D01,,,,,,T3
CB4.1C,611589,BAY812,TWQM,MAIN,MDDNR,MDDNR,38.82593,-76.39945,2022-03-15,13:29:00,33.2,8.5,16.5,0.0,S,ISM,M1,KD,,0.0,1/M,D01,,,,,,T3
CB4.1C,608274,BAY806,TWQM,MAIN,MDDNR,MDDNR,38.82593,-76.39945,2021-12-08,12:05:00,32.8,,,0.0,S,ISM,M1,KD,,0.75,1/M,D01,,,,,,T3
CB4.1C,608260,BAY805,TWQM,MAIN,MDDNR,MDDNR,38.82593,-76.39945,2021-11-17,11:57:00,32.7,4.5,17.5,0.0,S,ISM,M1,KD,,1.027,1/M,D01,,,,,,T3
CB4.1C,608240,BAY802,TWQM,MAIN,MDDNR,MDDNR,38.82593,-76.39945,2021-10-05,12:47:00,32.4,2.5,12.5,0.0,S,ISM,M1,KD,,0.917,1/M,D01,,,,,,T3
CB4.1C,785801,BAY900,TWQM,MAIN,MDDNR,MDDNR,38.82593,-76.39945,2025-11-18,15:00:00,30.8,,,0.5,S,D,S1,NH4F,,0.019,MG/L,L01,CBL,,,,,T3
CB4.1C,785781,BAY898,TWQM,MAIN,MDDNR,MDDNR,38.82593,-76.39945,2025-10-06,12:29:00,31.0,8.5,14.5,0.5,S,D,S1,NH4F,<,0.009,MG/L,L01,CBL,,,,,T3
CB4.1C,785724,BAY895,TWQM,MAIN,MDDNR,MDDNR,38.82593,-76.39945,2025-08-26,12:27:00,30.4,10.5,19.5,0.5,S,D,S1,NH4F,<,0.009,MG/L,L01,CBL,,,,,T3
CB4.1C,785723,BAY894,TWQM,MAIN,MDDNR,MDDNR,38.82593,-76.39945,2025-08-06,12:20:00,30.8,4.5,13.5,0.5,S,D,S1,NH4F,<,0.009,MG/L,L01,CBL,,,,,T3
CB4.1C,785680,BAY893,TWQM,MAIN,MDDNR,MDDNR,38.82593,-76.39945,2025-07-21,12:50:00,31.5,3.5,9.5,0.5,S,D,S1,NH4F,<,0.009,MG/L,L01,CBL,,,,,T3
CB4.1C,785833,BAY890,TWQM,MAIN,MDDNR,MDDNR,38.82593,-76.39945,2025-06-09,16:31:00,31.3,4.5,12.5,0.5,S,D,S1,NH4F,,0.017,MG/L,L01,CBL,,,,,T3
CB4.1C,785649,BAY886,TWQM,MAIN,MDDNR,MDDNR,38.82593,-76.39945,2025-04-15,10:56:00,31.0,1.5,20.5,0.5,S,D,S1,NH4F,,0.017,MG/L,L01,CBL,,,,,T3
CB4.1C,785611,BAY882,TWQM,MAIN,MDDNR,MDDNR,38.82593,-76.39945,2025-02-04,10:09:00,32.0,3.5,14.5,0.5,S,D,S1,NH4F,<,0.009,MG/L,L01,CBL,,,,,T3
CB4.1C,785597,BAY880,TWQM,MAIN,MDDNR,MDDNR,38.82593,-76.39945,2025-01-13,14:51:00,32.0,,,0.5,S,D,S1,NH4F,<,0.009,MG/L,L01,CBL,,,,,T3
CB4.1C,691077,BAY875,TWQM,MAIN,MDDNR,MDDNR,38.82593,-76.39945,2024-10-23,12:47:00,31.0,,,0.5,S,D,S1,NH4F,<,0.009,MG/L,L01,CBL,,,,,T3
CB4.1C,690825,BAY872,TWQM,MAIN,MDDNR,MDDNR,38.82593,-76.39945,2024-09-23,10:41:00,31.0,9.5,21.5,0.5,S,D,S1,NH4F,<,0.009,MG/L,L01,CBL,,,,,T3
CB4.1C,690640,BAY871,TWQM,MAIN,MDDNR,MDDNR,38.82593,-76.39945,2024-08-27,13:24:00,30.5,7.5,15.5,0.5,S,D,S1,NH4F,,0.012,MG/L,L01,CBL,,,,,T3
CB4.1C,691274,BAY868,TWQM,MAIN,MDDNR,MDDNR,38.82593,-76.39945,2024-07-16,13:43:00,30.5,10.5,16.5,0.5,S,D,S1,NH4F,<,0.009,MG/L,L01,CBL,,,,,T3
CB4.1C,688805,BAY867,TWQM,MAIN,MDDNR,MDDNR,38.82593,-76.39945,2024-06-26,13:41:00,30.6,14.5,21.5,0.5,S,D,S1,NH4F,,0.011,MG/L,L01,CBL,,,,,T3
CB4.1C,688778,BAY866,TWQM,MAIN,MDDNR,MDDNR,38.82593,-76.39945,2024-06-04,13:27:00,31.0,6.5,14.5,0.5,S,D,S1,NH4F,<,0.009,MG/L,L01,CBL,,,,,T3
CB4.1C,678074,BAY864,TWQM,MAIN,MDDNR,MDDNR,38.82593,-76.39945,2024-05-14,13:09:00,32.0,10.5,17.5,0.5,S,D,S1,NH4F,,0.014,MG/L,L01,CBL,,,,,T3
CB4.1C,699623,BAY857,TWQM,MAIN,MDDNR,MDDNR,38.82593,-76.39945,2024-01-24,12:09:00,33.1,3.5,13.5,0.5,S,D,S1,NH4F,,0.012,MG/L,L01,CBL,,,,,T3
CB4.1C,647860,BAY852,TWQM,MAIN,MDDNR,MDDNR,38.82593,-76.39945,2023-11-16,12:11:00,32.5,10.0,21.0,0.5,S,D,S1,NH4F,,0.023,MG/L,L01,CBL,,,,,T3
CB4.1C,647720,BAY850,TWQM,MAIN,MDDNR,MDDNR,38.82593,-76.39945,2023-10-05,12:59:00,32.3,,,0.5,S,D,S1,NH4F,,0.009,MG/L,L01,CBL,,,,,T3
CB4.1C,670855,BAY848,TWQM,MAIN,MDDNR,MDDNR,38.82593,-76.39945,2023-09-12,13:29:00,32.2,3.5,18.5,0.5,S,D,S1,NH4F,<,0.009,MG/L,L01,CBL,,,,,T3
CB4.1C,670975,BAY847,TWQM,MAIN,MDDNR,MDDNR,38.82593,-76.39945,2023-08-29,12:54:00,32.2,7.5,17.5,0.5,S,D,S1,NH4F,<,0.009,MG/L,L01,CBL,,,,,T3
CB4.1C,670930,BAY844,TWQM,MAIN,MDDNR,MDDNR,38.82593,-76.39945,2023-07-11,13:18:00,32.4,3.5,19.5,0.5,S,D,S1,NH4F,<,0.009,MG/L,L01,CBL,,,,,T3
CB4.1C,670886,BAY843,TWQM,MAIN,MDDNR,MDDNR,38.82593,-76.39945,2023-06-27,13:33:00,32.5,6.5,21.5,0.5,S,D,S1,NH4F,,0.011,MG/L,L01,CBL,,,,,T3
CB4.1C,670885,BAY842,TWQM,MAIN,MDDNR,MDDNR,38.82593,-76.39945,2023-06-06,12:44:00,32.5,4.5,8.5,0.5,S,D,S1,NH4F,,0.018,MG/L,L01,CBL,,,,,T3
CB4.1C,645396,BAY840,TWQM,MAIN,MDDNR,MDDNR,38.82593,-76.39945,2023-05-09,12:49:00,32.8,2.5,15.5,0.5,S,D,S1,NH4F,,0.02,MG/L,L01,CBL,,,,,T3
CB4.1C,670574,BAY838,TWQM,MAIN,MDDNR,MDDNR,38.82593,-76.39945,2023-04-11,12:52:00,33.1,7.5,18.5,0.5,S,D,S1,NH4F,,0.021,MG/L,L01,CBL,,,,,T3
CB4.1C,640322,BAY836,TWQM,MAIN,MDDNR,MDDNR,38.82593,-76.39945,2023-03-16,13:36:00,33.3,11.5,16.5,0.5,S,D,S1,NH4F,,0.013,MG/L,L01,CBL,,,,,T3
CB4.1C,640342,BAY832,TWQM,MAIN,MDDNR,MDDNR,38.82593,-76.39945,2023-01-10,12:02:00,33.1,0.7,4.5,0.5,S,D,S1,NH4F,,0.022,MG/L,L01,CBL,,,,,T3
CB4.1C,624768,BAY830,TWQM,MAIN,MDDNR,MDDNR,38.82593,-76.39945,2022-12-06,11:52:00,33.0,,,0.5,S,D,S1,NH4F,,0.031,MG/L,L01,CBL,,,,,T3
CB4.1C,624755,BAY828,TWQM,MAIN,MDDNR,MDDNR,38.82593,-76.39945,2022-11-15,12:00:00,32.4,14.5,17.5,0.5,S,D,S1,NH4F,,0.053,MG/L,L01,CBL,,,,,T3
CB4.1C,624741,BAY826,TWQM,MAIN,MDDNR,MDDNR,38.82593,-76.39945,2022-10-06,14:40:00,31.5,,,0.5,S,D,S1,NH4F,,0.038,MG/L,L01,CBL,,,,,T3
CB4.1C,624712,BAY824,TWQM,MAIN,MDDNR,MDDNR,38.82593,-76.39945,2022-09-13,13:12:00,32.0,7.5,16.5,0.5,S,D,S1,NH4F,,0.011,MG/L,L01,CBL,,,,,T3
CB4.1C,625872,BAY823,TWQM,MAIN,MDDNR,MDDNR,38.82593,-76.39945,2022-08-23,12:51:00,32.0,6.5,15.5,0.5,S,D,S1,NH4F,<,0.009,MG/L,L01,CBL,,,,,T3
CB4.1C,625871,BAY822,TWQM,MAIN,MDDNR,MDDNR,38.82593,-76.39945,2022-08-09,13:02:00,31.8,13.5,17.5,0.5,S,D,S1,NH4F,<,0.009,MG/L,L01,CBL,,,,,T3
CB4.1C,699303,BAY820,TWQM,MAIN,MDDNR,MDDNR,38.82593,-76.39945,2022-07-13,12:41:00,32.0,5.5,12.5,0.5,S,D,S1,NH4F,,0.009,MG/L,L01,CBL,,,,,T3
CB4.1C,621092,BAY819,TWQM,MAIN,MDDNR,MDDNR,38.82593,-76.39945,2022-06-29,12:38:00,32.3,8.5,18.5,0.5,S,D,S1,NH4F,,0.039,MG/L,L01,CBL,,,,,T3
CB4.1C,621061,BAY817,TWQM,MAIN,MDDNR,MDDNR,38.82593,-76.39945,2022-05-17,13:00:00,32.6,2.5,12.5,0.5,S,D,S1,NH4F,<,0.009,MG/L,L01,CBL,,,,,T3
CB4.1C,699206,BAY814,TWQM,MAIN,MDDNR,MDDNR,38.82593,-76.39945,2022-04-12,12:42:00,33.5,5.5,13.5,0.5,S,D,S1,NH4F,,0.021,MG/L,L01,CBL,,,,,T3
CB4.1C,611589,BAY812,TWQM,MAIN,MDDNR,MDDNR,38.82593,-76.39945,2022-03-15,13:29:00,33.2,8.5,16.5,0.5,S,D,S1,NH4F,,0.01,MG/L,L01,CBL,,,,,T3
CB4.1C,608274,BAY806,TWQM,MAIN,MDDNR,MDDNR,38.82593,-76.39945,2021-12-08,12:05:00,32.8,,,0.5,S,D,S1,NH4F,,0.032,MG/L,L01,CBL,,,,,T3
CB4.1C,608260,BAY805,TWQM,MAIN,MDDNR,MDDNR,38.82593,-76.39945,2021-11-17,11:57:00,32.7,4.5,17.5,0.5,S,D,S1,NH4F,,0.009,MG/L,L01,CBL,,,,,T3
CB4.1C,608240,BAY802,TWQM,MAIN,MDDNR,MDDNR,38.82593,-76.39945,2021-10-05,12:47:00,32.4,2.5,12.5,0.5,S,D,S1,NH4F,,0.016,MG/L,L01,CBL,,,,,T3
CB4.1C,785801,BAY900,TWQM,MAIN,MDDNR,MDDNR,38.82593,-76.39945,2025-11-18,15:00:00,30.8,,,0.5,S,D,S1,NO23F,,0.0279,MG/L,L01,CBL,,,,,T3
CB4.1C,785781,BAY898,TWQM,MAIN,MDDNR,MDDNR,38.82593,-76.39945,2025-10-06,12:29:00,31.0,8.5,14.5,0.5,S,D,S1,NO23F,,0.0082,MG/L,L01,CBL,,,,,T3
CB4.1C,785724,BAY895,TWQM,MAIN,MDDNR,MDDNR,38.82593,-76.39945,2025-08-26,12:27:00,30.4,10.5,19.5,0.5,S,D,S1,NO23F,,0.0057,MG/L,L01,CBL,,,,,T3
CB4.1C,785723,BAY894,TWQM,MAIN,MDDNR,MDDNR,38.82593,-76.39945,2025-08-06,12:20:00,30.8,4.5,13.5,0.5,S,D,S1,NO23F,,0.0121,MG/L,L01,CBL,,,,,T3
CB4.1C,785680,BAY893,TWQM,MAIN,MDDNR,MDDNR,38.82593,-76.39945,2025-07-21,12:50:00,31.5,3.5,9.5,0.5,S,D,S1,NO23F,,0.004,MG/L,L01,CBL,,,,,T3
CB4.1C,785833,BAY890,TWQM,MAIN,MDDNR,MDDNR,38.82593,-76.39945,2025-06-09,16:31:00,31.3,4.5,12.5,0.5,S,D,S1,NO23F,,0.157,MG/L,L01,CBL,,,,,T3
CB4.1C,785649,BAY886,TWQM,MAIN,MDDNR,MDDNR,38.82593,-76.39945,2025-04-15,10:56:00,31.0,1.5,20.5,0.5,S,D,S1,NO23F,,0.258,MG/L,L01,CBL,,,,,T3
CB4.1C,785611,BAY882,TWQM,MAIN,MDDNR,MDDNR,38.82593,-76.39945,2025-02-04,10:09:00,32.0,3.5,14.5,0.5,S,D,S1,NO23F,,0.1108,MG/L,L01,CBL,,,,,T3
CB4.1C,785597,BAY880,TWQM,MAIN,MDDNR,MDDNR,38.82593,-76.39945,2025-01-13,14:51:00,32.0,,,0.5,S,D,S1,NO23F,,0.109,MG/L,L01,CBL,,,,,T3
CB4.1C,691077,BAY875,TWQM,MAIN,MDDNR,MDDNR,38.82593,-76.39945,2024-10-23,12:47:00,31.0,,,0.5,S,D,S1,NO23F,,0.0049,MG/L,L01,CBL,,,,,T3
CB4.1C,690825,BAY872,TWQM,MAIN,MDDNR,MDDNR,38.82593,-76.39945,2024-09-23,10:41:00,31.0,9.5,21.5,0.5,S,D,S1,NO23F,,0.0894,MG/L,L01,CBL,,,,,T3
CB4.1C,690640,BAY871,TWQM,MAIN,MDDNR,MDDNR,38.82593,-76.39945,2024-08-27,13:24:00,30.5,7.5,15.5,0.5,S,D,S1,NO23F,,0.0304,MG/L,L01,CBL,,,,,T3
CB4.1C,691274,BAY868,TWQM,MAIN,MDDNR,MDDNR,38.82593,-76.39945,2024-07-16,13:43:00,30.5,10.5,16.5,0.5,S,D,S1,NO23F,,0.0018,MG/L,L01,CBL,,,,,T3
CB4.1C,688805,BAY867,TWQM,MAIN,MDDNR,MDDNR,38.82593,-76.39945,2024-06-26,13:41:00,30.6,14.5,21.5,0.5,S,D,S1,NO23F,,0.0112,MG/L,L01,CBL,,,,,T3
CB4.1C,688778,BAY866,TWQM,MAIN,MDDNR,MDDNR,38.82593,-76.39945,2024-06-04,13:27:00,31.0,6.5,14.5,0.5,S,D,S1,NO23F,,0.202,MG/L,L01,CBL,,,,,T3
CB4.1C,678074,BAY864,TWQM,MAIN,MDDNR,MDDNR,38.82593,-76.39945,2024-05-14,13:09:00,32.0,10.5,17.5,0.5,S,D,S1,NO23F,,0.442,MG/L,L01,CBL,,,,,T3
CB4.1C,699623,BAY857,TWQM,MAIN,MDDNR,MDDNR,38.82593,-76.39945,2024-01-24,12:09:00,33.1,3.5,13.5,0.5,S,D,S1,NO23F,,0.634,MG/L,L01,CBL,,,,,T3
CB4.1C,647860,BAY852,TWQM,MAIN,MDDNR,MDDNR,38.82593,-76.39945,2023-11-16,12:11:00,32.5,10.0,21.0,0.5,S,D,S1,NO23F,,0.117,MG/L,L01,CBL,,,,,T3
CB4.1C,647720,BAY850,TWQM,MAIN,MDDNR,MDDNR,38.82593,-76.39945,2023-10-05,12:59:00,32.3,,,0.5,S,D,S1,NO23F,,0.148,MG/L,L01,CBL,,,,,T3
CB4.1C,670855,BAY848,TWQM,MAIN,MDDNR,MDDNR,38.82593,-76.39945,2023-09-12,13:29:00,32.2,3.5,18.5,0.5,S,D,S1,NO23F,,0.0055,MG/L,L01,CBL,,,,,T3
CB4.1C,670975,BAY847,TWQM,MAIN,MDDNR,MDDNR,38.82593,-76.39945,2023-08-29,12:54:00,32.2,7.5,17.5,0.5,S,D,S1,NO23F,,0.0596,MG/L,L01,CBL,,,,,T3
CB4.1C,670930,BAY844,TWQM,MAIN,MDDNR,MDDNR,38.82593,-76.39945,2023-07-11,13:18:00,32.4,3.5,19.5,0.5,S,D,S1,NO23F,,0.0012,MG/L,L01,CBL,,,,,T3
CB4.1C,670886,BAY843,TWQM,MAIN,MDDNR,MDDNR,38.82593,-76.39945,2023-06-27,13:33:00,32.5,6.5,21.5,0.5,S,D,S1,NO23F,,0.0024,MG/L,L01,CBL,,,,,T3
CB4.1C,670885,BAY842,TWQM,MAIN,MDDNR,MDDNR,38.82593,-76.39945,2023-06-06,12:44:00,32.5,4.5,8.5,0.5,S,D,S1,NO23F,,0.0529,MG/L,L01,CBL,,,,,T3
CB4.1C,645396,BAY840,TWQM,MAIN,MDDNR,MDDNR,38.82593,-76.39945,2023-05-09,12:49:00,32.8,2.5,15.5,0.5,S,D,S1,NO23F,,0.25,MG/L,L01,CBL,,,,,T3
CB4.1C,670574,BAY838,TWQM,MAIN,MDDNR,MDDNR,38.82593,-76.39945,2023-04-11,12:52:00,33.1,7.5,18.5,0.5,S,D,S1,NO23F,,0.301,MG/L,L01,CBL,,,,,T3
CB4.1C,640322,BAY836,TWQM,MAIN,MDDNR,MDDNR,38.82593,-76.39945,2023-03-16,13:36:00,33.3,11.5,16.5,0.5,S,D,S1,NO23F,,0.373,MG/L,L01,CBL,,,,,T3
CB4.1C,640342,BAY832,TWQM,MAIN,MDDNR,MDDNR,38.82593,-76.39945,2023-01-10,12:02:00,33.1,0.7,4.5,0.5,S,D,S1,NO23F,,0.598,MG/L,L01,CBL,,,,,T3
CB4.1C,624768,BAY830,TWQM,MAIN,MDDNR,MDDNR,38.82593,-76.39945,2022-12-06,11:52:00,33.0,,,0.5,S,D,S1,NO23F,,0.1059,MG/L,L01,CBL,,,,,T3
CB4.1C,624755,BAY828,TWQM,MAIN,MDDNR,MDDNR,38.82593,-76.39945,2022-11-15,12:00:00,32.4,14.5,17.5,0.5,S,D,S1,NO23F,,0.0456,MG/L,L01,CBL,,,,,T3
CB4.1C,624741,BAY826,TWQM,MAIN,MDDNR,MDDNR,38.82593,-76.39945,2022-10-06,14:40:00,31.5,,,0.5,S,D,S1,NO23F,,0.0842,MG/L,L01,CBL,,,,,T3
CB4.1C,624712,BAY824,TWQM,MAIN,MDDNR,MDDNR,38.82593,-76.39945,2022-09-13,13:12:00,32.0,7.5,16.5,0.5,S,D,S1,NO23F,<,0.0015,MG/L,L01,CBL,QQ,,,,T3
CB4.1C,625872,BAY823,TWQM,MAIN,MDDNR,MDDNR,38.82593,-76.39945,2022-08-23,12:51:00,32.0,6.5,15.5,0.5,S,D,S1,NO23F,,0.0095,MG/L,L01,CBL,,,,,T3
CB4.1C,625871,BAY822,TWQM,MAIN,MDDNR,MDDNR,38.82593,-76.39945,2022-08-09,13:02:00,31.8,13.5,17.5,0.5,S,D,S1,NO23F,,0.0021,MG/L,L01,CBL,,,,,T3
CB4.1C,699303,BAY820,TWQM,MAIN,MDDNR,MDDNR,38.82593,-76.39945,2022-07-13,12:41:00,32.0,5.5,12.5,0.5,S,D,S1,NO23F,<,0.0015,MG/L,L01,CBL,QQ,,,,T3
CB4.1C,621092,BAY819,TWQM,MAIN,MDDNR,MDDNR,38.82593,-76.39945,2022-06-29,12:38:00,32.3,8.5,18.5,0.5,S,D,S1,NO23F,,0.0702,MG/L,L01,CBL,,,,,T3
CB4.1C,621061,BAY817,TWQM,MAIN,MDDNR,MDDNR,38.82593,-76.39945,2022-05-17,13:00:00,32.6,2.5,12.5,0.5,S,D,S1,NO23F,,0.443,MG/L,L01,CBL,,,,,T3
CB4.1C,699206,BAY814,TWQM,MAIN,MDDNR,MDDNR,38.82593,-76.39945,2022-04-12,12:42:00,33.5,5.5,13.5,0.5,S,D,S1,NO23F,,0.401,MG/L,L01,CBL,,,,,T3
CB4.1C,611589,BAY812,TWQM,MAIN,MDDNR,MDDNR,38.82593,-76.39945,2022-03-15,13:29:00,33.2,8.5,16.5,0.5,S,D,S1,NO23F,,0.472,MG/L,L01,CBL,,,,,T3
CB4.1C,608274,BAY806,TWQM,MAIN,MDDNR,MDDNR,38.82593,-76.39945,2021-12-08,12:05:00,32.8,,,0.5,S,D,S1,NO23F,,0.3,MG/L,L01,CBL,,,,,T3
CB4.1C,608260,BAY805,TWQM,MAIN,MDDNR,MDDNR,38.82593,-76.39945,2021-11-17,11:57:00,32.7,4.5,17.5,0.5,S,D,S1,NO23F,,0.435,MG/L,L01,CBL,,,,,T3
CB4.1C,608240,BAY802,TWQM,MAIN,MDDNR,MDDNR,38.82593,-76.39945,2021-10-05,12:47:00,32.4,2.5,12.5,0.5,S,D,S1,NO23F,,0.254,MG/L,L01,CBL,,,,,T3
CB4.1C,785801,BAY900,TWQM,MAIN,MDDNR,MDDNR,38.82593,-76.39945,2025-11-18,15:00:00,30.8,,,0.5,S,D,S1,NO2F,,0.0044,MG/L,L01,CBL,,,,,T3
CB4.1C,785781,BAY898,TWQM,MAIN,MDDNR,MDDNR,38.82593,-76.39945,2025-10-06,12:29:00,31.0,8.5,14.5,0.5,S,D,S1,NO2F,<,0.0009,MG/L,L01,CBL,,,,,T3
CB4.1C,785724,BAY895,TWQM,MAIN,MDDNR,MDDNR,38.82593,-76.39945,2025-08-26,12:27:00,30.4,10.5,19.5,0.5,S,D,S1,NO2F,,0.0014,MG/L,L01,CBL,,,,,T3
CB4.1C,785723,BAY894,TWQM,MAIN,MDDNR,MDDNR,38.82593,-76.39945,2025-08-06,12:20:00,30.8,4.5,13.5,0.5,S,D,S1,NO2F,<,0.0009,MG/L,L01,CBL,,,,,T3
CB4.1C,785680,BAY893,TWQM,MAIN,MDDNR,MDDNR,38.82593,-76.39945,2025-07-21,12:50:00,31.5,3.5,9.5,0.5,S,D,S1,NO2F,,0.0009,MG/L,L01,CBL,,,,,T3
CB4.1C,785833,BAY890,TWQM,MAIN,MDDNR,MDDNR,38.82593,-76.39945,2025-06-09,16:31:00,31.3,4.5,12.5,0.5,S,D,S1,NO2F,,0.0063,MG/L,L01,CBL,,,,,T3
CB4.1C,785649,BAY886,TWQM,MAIN,MDDNR,MDDNR,38.82593,-76.39945,2025-04-15,10:56:00,31.0,1.5,20.5,0.5,S,D,S1,NO2F,,0.0041,MG/L,L01,CBL,,,,,T3
CB4.1C,785611,BAY882,TWQM,MAIN,MDDNR,MDDNR,38.82593,-76.39945,2025-02-04,10:09:00,32.0,3.5,14.5,0.5,S,D,S1,NO2F,,0.0027,MG/L,L01,CBL,,,,,T3
CB4.1C,785597,BAY880,TWQM,MAIN,MDDNR,MDDNR,38.82593,-76.39945,2025-01-13,14:51:00,32.0,,,0.5,S,D,S1,NO2F,,0.0036,MG/L,L01,CBL,,,,,T3
CB4.1C,691077,BAY875,TWQM,MAIN,MDDNR,MDDNR,38.82593,-76.39945,2024-10-23,12:47:00,31.0,,,0.5,S,D,S1,NO2F,<,0.0009,MG/L,L01,CBL,,,,,T3
CB4.1C,690825,BAY872,TWQM,MAIN,MDDNR,MDDNR,38.82593,-76.39945,2024-09-23,10:41:00,31.0,9.5,21.5,0.5,S,D,S1,NO2F,,0.0027,MG/L,L01,CBL,,,,,T3
CB4.1C,690640,BAY871,TWQM,MAIN,MDDNR,MDDNR,38.82593,-76.39945,2024-08-27,13:24:00,30.5,7.5,15.5,0.5,S,D,S1,NO2F,,0.001,MG/L,L01,CBL,,,,,T3
CB4.1C,691274,BAY868,TWQM,MAIN,MDDNR,MDDNR,38.82593,-76.39945,2024-07-16,13:43:00,30.5,10.5,16.5,0.5,S,D,S1,NO2F,<,0.0009,MG/L,L01,CBL,,,,,T3
CB4.1C,688805,BAY867,TWQM,MAIN,MDDNR,MDDNR,38.82593,-76.39945,2024-06-26,13:41:00,30.6,14.5,21.5,0.5,S,D,S1,NO2F,,0.0073,MG/L,L01,CBL,,,,,T3
CB4.1C,688778,BAY866,TWQM,MAIN,MDDNR,MDDNR,38.82593,-76.39945,2024-06-04,13:27:00,31.0,6.5,14.5,0.5,S,D,S1,NO2F,,0.0057,MG/L,L01,CBL,,,,,T3
CB4.1C,678074,BAY864,TWQM,MAIN,MDDNR,MDDNR,38.82593,-76.39945,2024-05-14,13:09:00,32.0,10.5,17.5,0.5,S,D,S1,NO2F,,0.0069,MG/L,L01,CBL,,,,,T3
CB4.1C,699623,BAY857,TWQM,MAIN,MDDNR,MDDNR,38.82593,-76.39945,2024-01-24,12:09:00,33.1,3.5,13.5,0.5,S,D,S1,NO2F,,0.0059,MG/L,L01,CBL,,,,,T3
CB4.1C,647860,BAY852,TWQM,MAIN,MDDNR,MDDNR,38.82593,-76.39945,2023-11-16,12:11:00,32.5,10.0,21.0,0.5,S,D,S1,NO2F,,0.0071,MG/L,L01,CBL,,,,,T3
CB4.1C,647720,BAY850,TWQM,MAIN,MDDNR,MDDNR,38.82593,-76.39945,2023-10-05,12:59:00,32.3,,,0.5,S,D,S1,NO2F,,0.0259,MG/L,L01,CBL,,,,,T3
CB4.1C,670855,BAY848,TWQM,MAIN,MDDNR,MDDNR,38.82593,-76.39945,2023-09-12,13:29:00,32.2,3.5,18.5,0.5,S,D,S1,NO2F,,0.001,MG/L,L01,CBL,,,,,T3
CB4.1C,670975,BAY847,TWQM,MAIN,MDDNR,MDDNR,38.82593,-76.39945,2023-08-29,12:54:00,32.2,7.5,17.5,0.5,S,D,S1,NO2F,,0.0241,MG/L,L01,CBL,,,,,T3
CB4.1C,670930,BAY844,TWQM,MAIN,MDDNR,MDDNR,38.82593,-76.39945,2023-07-11,13:18:00,32.4,3.5,19.5,0.5,S,D,S1,NO2F,<,0.0009,MG/L,L01,CBL,,,,,T3
CB4.1C,670886,BAY843,TWQM,MAIN,MDDNR,MDDNR,38.82593,-76.39945,2023-06-27,13:33:00,32.5,6.5,21.5,0.5,S,D,S1,NO2F,,0.0024,MG/L,L01,CBL,,,,,T3
CB4.1C,670885,BAY842,TWQM,MAIN,MDDNR,MDDNR,38.82593,-76.39945,2023-06-06,12:44:00,32.5,4.5,8.5,0.5,S,D,S1,NO2F,,0.004,MG/L,L01,CBL,,,,,T3
CB4.1C,645396,BAY840,TWQM,MAIN,MDDNR,MDDNR,38.82593,-76.39945,2023-05-09,12:49:00,32.8,2.5,15.5,0.5,S,D,S1,NO2F,,0.0042,MG/L,L01,CBL,,,,,T3
CB4.1C,670574,BAY838,TWQM,MAIN,MDDNR,MDDNR,38.82593,-76.39945,2023-04-11,12:52:00,33.1,7.5,18.5,0.5,S,D,S1,NO2F,,0.0053,MG/L,L01,CBL,,,,,T3
CB4.1C,640322,BAY836,TWQM,MAIN,MDDNR,MDDNR,38.82593,-76.39945,2023-03-16,13:36:00,33.3,11.5,16.5,0.5,S,D,S1,NO2F,,0.0047,MG/L,L01,CBL,,,,,T3
CB4.1C,640342,BAY832,TWQM,MAIN,MDDNR,MDDNR,38.82593,-76.39945,2023-01-10,12:02:00,33.1,0.7,4.5,0.5,S,D,S1,NO2F,,0.0047,MG/L,L01,CBL,,,,,T3
CB4.1C,624768,BAY830,TWQM,MAIN,MDDNR,MDDNR,38.82593,-76.39945,2022-12-06,11:52:00,33.0,,,0.5,S,D,S1,NO2F,,0.0057,MG/L,L01,CBL,,,,,T3
CB4.1C,624755,BAY828,TWQM,MAIN,MDDNR,MDDNR,38.82593,-76.39945,2022-11-15,12:00:00,32.4,14.5,17.5,0.5,S,D,S1,NO2F,,0.0044,MG/L,L01,CBL,,,,,T3
CB4.1C,624741,BAY826,TWQM,MAIN,MDDNR,MDDNR,38.82593,-76.39945,2022-10-06,14:40:00,31.5,,,0.5,S,D,S1,NO2F,,0.0252,MG/L,L01,CBL,,,,,T3
CB4.1C,624712,BAY824,TWQM,MAIN,MDDNR,MDDNR,38.82593,-76.39945,2022-09-13,13:12:00,32.0,7.5,16.5,0.5,S,D,S1,NO2F,,0.0016,MG/L,L01,CBL,QQ,,,,T3
CB4.1C,625872,BAY823,TWQM,MAIN,MDDNR,MDDNR,38.82593,-76.39945,2022-08-23,12:51:00,32.0,6.5,15.5,0.5,S,D,S1,NO2F,,0.0034,MG/L,L01,CBL,,,,,T3
CB4.1C,625871,BAY822,TWQM,MAIN,MDDNR,MDDNR,38.82593,-76.39945,2022-08-09,13:02:00,31.8,13.5,17.5,0.5,S,D,S1,NO2F,,0.0009,MG/L,L01,CBL,,,,,T3
CB4.1C,699303,BAY820,TWQM,MAIN,MDDNR,MDDNR,38.82593,-76.39945,2022-07-13,12:41:00,32.0,5.5,12.5,0.5,S,D,S1,NO2F,,0.0018,MG/L,L01,CBL,QQ,,,,T3
CB4.1C,621092,BAY819,TWQM,MAIN,MDDNR,MDDNR,38.82593,-76.39945,2022-06-29,12:38:00,32.3,8.5,18.5,0.5,S,D,S1,NO2F,,0.0042,MG/L,L01,CBL,,,,,T3
CB4.1C,621061,BAY817,TWQM,MAIN,MDDNR,MDDNR,38.82593,-76.39945,2022-05-17,13:00:00,32.6,2.5,12.5,0.5,S,D,S1,NO2F,,0.003,MG/L,L01,CBL,,,,,T3
CB4.1C,699206,BAY814,TWQM,MAIN,MDDNR,MDDNR,38.82593,-76.39945,2022-04-12,12:42:00,33.5,5.5,13.5,0.5,S,D,S1,NO2F,,0.0059,MG/L,L01,CBL,,,,,T3
CB4.1C,611589,BAY812,TWQM,MAIN,MDDNR,MDDNR,38.82593,-76.39945,2022-03-15,13:29:00,33.2,8.5,16.5,0.5,S,D,S1,NO2F,,0.0039,MG/L,L01,CBL,,,,,T3
CB4.1C,608274,BAY806,TWQM,MAIN,MDDNR,MDDNR,38.82593,-76.39945,2021-12-08,12:05:00,32.8,,,0.5,S,D,S1,NO2F,,0.0095,MG/L,L01,CBL,,,,,T3
CB4.1C,608260,BAY805,TWQM,MAIN,MDDNR,MDDNR,38.82593,-76.39945,2021-11-17,11:57:00,32.7,4.5,17.5,0.5,S,D,S1,NO2F,,0.0036,MG/L,L01,CBL,,,,,T3
CB4.1C,608240,BAY802,TWQM,MAIN,MDDNR,MDDNR,38.82593,-76.39945,2021-10-05,12:47:00,32.4,2.5,12.5,0.5,S,D,S1,NO2F,,0.0309,MG/L,L01,CBL,,,,,T3
CB4.1C,785801,BAY900,TWQM,MAIN,MDDNR,MDDNR,38.82593,-76.39945,2025-11-18,15:00:00,30.8,,,0.5,S,D,S1,NO3F,,0.0235,MG/L,D01,CBL,,,,,T3
CB4.1C,785781,BAY898,TWQM,MAIN,MDDNR,MDDNR,38.82593,-76.39945,2025-10-06,12:29:00,31.0,8.5,14.5,0.5,S,D,S1,NO3F,<,0.0073,MG/L,D01A,CBL,,,,,T3
CB4.1C,785781,BAY898,TWQM,MAIN,MDDNR,MDDNR,38.82593,-76.39945,2025-10-06,12:29:00,31.0,8.5,14.5,0.5,S,D,S1,NO3F,<,0.00775,MG/L,D01B,CBL,,,,,T3
CB4.1C,785724,BAY895,TWQM,MAIN,MDDNR,MDDNR,38.82593,-76.39945,2025-08-26,12:27:00,30.4,10.5,19.5,0.5,S,D,S1,NO3F,,0.0043,MG/L,D01,CBL,,,,,T3
CB4.1C,785723,BAY894,TWQM,MAIN,MDDNR,MDDNR,38.82593,-76.39945,2025-08-06,12:20:00,30.8,4.5,13.5,0.5,S,D,S1,NO3F,<,0.0112,MG/L,D01A,CBL,,,,,T3
CB4.1C,785723,BAY894,TWQM,MAIN,MDDNR,MDDNR,38.82593,-76.39945,2025-08-06,12:20:00,30.8,4.5,13.5,0.5,S,D,S1,NO3F,<,0.01165,MG/L,D01B,CBL,,,,,T3
CB4.1C,785680,BAY893,TWQM,MAIN,MDDNR,MDDNR,38.82593,-76.39945,2025-07-21,12:50:00,31.5,3.5,9.5,0.5,S,D,S1,NO3F,,0.0031,MG/L,D01,CBL,,,,,T3
CB4.1C,785833,BAY890,TWQM,MAIN,MDDNR,MDDNR,38.82593,-76.39945,2025-06-09,16:31:00,31.3,4.5,12.5,0.5,S,D,S1,NO3F,,0.1507,MG/L,D01,CBL,,,,,T3
CB4.1C,785649,BAY886,TWQM,MAIN,MDDNR,MDDNR,38.82593,-76.39945,2025-04-15,10:56:00,31.0,1.5,20.5,0.5,S,D,S1,NO3F,,0.2539,MG/L,D01,CBL,,,,,T3
CB4.1C,785611,BAY882,TWQM,MAIN,MDDNR,MDDNR,38.82593,-76.39945,2025-02-04,10:09:00,32.0,3.5,14.5,0.5,S,D,S1,NO3F,,0.1081,MG/L,D01,CBL,,,,,T3
CB4.1C,785597,BAY880,TWQM,MAIN,MDDNR,MDDNR,38.82593,-76.39945,2025-01-13,14:51:00,32.0,,,0.5,S,D,S1,NO3F,,0.1054,MG/L,D01,CBL,,,,,T3
CB4.1C,691077,BAY875,TWQM,MAIN,MDDNR,MDDNR,38.82593,-76.39945,2024-10-23,12:47:00,31.0,,,0.5,S,D,S1,NO3F,<,0.004,MG/L,D01A,CBL,,,,,T3
CB4.1C,691077,BAY875,TWQM,MAIN,MDDNR,MDDNR,38.82593,-76.39945,2024-10-23,12:47:00,31.0,,,0.5,S,D,S1,NO3F,<,0.00445,MG/L,D01B,CBL,,,,,T3
CB4.1C,690825,BAY872,TWQM,MAIN,MDDNR,MDDNR,38.82593,-76.39945,2024-09-23,10:41:00,31.0,9.5,21.5,0.5,S,D,S1,NO3F,,0.0867,MG/L,D01,CBL,,,,,T3
CB4.1C,690640,BAY871,TWQM,MAIN,MDDNR,MDDNR,38.82593,-76.39945,2024-08-27,13:24:00,30.5,7.5,15.5,0.5,S,D,S1,NO3F,,0.0294,MG/L,D01,CBL,,,,,T3
CB4.1C,691274,BAY868,TWQM,MAIN,MDDNR,MDDNR,38.82593,-76.39945,2024-07-16,13:43:00,30.5,10.5,16.5,0.5,S,D,S1,NO3F,<,0.0009,MG/L,D01A,CBL,,,,,T3
CB4.1C,691274,BAY868,TWQM,MAIN,MDDNR,MDDNR,38.82593,-76.39945,2024-07-16,13:43:00,30.5,10.5,16.5,0.5,S,D,S1,NO3F,<,0.00135,MG/L,D01B,CBL,,,,,T3
CB4.1C,688805,BAY867,TWQM,MAIN,MDDNR,MDDNR,38.82593,-76.39945,2024-06-26,13:41:00,30.6,14.5,21.5,0.5,S,D,S1,NO3F,,0.0039,MG/L,D01,CBL,,,,,T3
CB4.1C,688778,BAY866,TWQM,MAIN,MDDNR,MDDNR,38.82593,-76.39945,2024-06-04,13:27:00,31.0,6.5,14.5,0.5,S,D,S1,NO3F,,0.1963,MG/L,D01,CBL,,,,,T3
CB4.1C,678074,BAY864,TWQM,MAIN,MDDNR,MDDNR,38.82593,-76.39945,2024-05-14,13:09:00,32.0,10.5,17.5,0.5,S,D,S1,NO3F,,0.4351,MG/L,D01,CBL,,,,,T3
CB4.1C,699623,BAY857,TWQM,MAIN,MDDNR,MDDNR,38.82593,-76.39945,2024-01-24,12:09:00,33.1,3.5,13.5,0.5,S,D,S1,NO3F,,0.6281,MG/L,D01,CBL,,,,,T3
CB4.1C,647860,BAY852,TWQM,MAIN,MDDNR,MDDNR,38.82593,-76.39945,2023-11-16,12:11:00,32.5,10.0,21.0,0.5,S,D,S1,NO3F,,0.1099,MG/L,D01,CBL,,,,,T3
CB4.1C,647720,BAY850,TWQM,MAIN,MDDNR,MDDNR,38.82593,-76.39945,2023-10-05,12:59:00,32.3,,,0.5,S,D,S1,NO3F,,0.1221,MG/L,D01,CBL,,,,,T3
CB4.1C,670855,BAY848,TWQM,MAIN,MDDNR,MDDNR,38.82593,-76.39945,2023-09-12,13:29:00,32.2,3.5,18.5,0.5,S,D,S1,NO3F,,0.0045,MG/L,D01,CBL,,,,,T3
CB4.1C,670975,BAY847,TWQM,MAIN,MDDNR,MDDNR,38.82593,-76.39945,2023-08-29,12:54:00,32.2,7.5,17.5,0.5,S,D,S1,NO3F,,0.0355,MG/L,D01,CBL,,,,,T3
CB4.1C,670930,BAY844,TWQM,MAIN,MDDNR,MDDNR,38.82593,-76.39945,2023-07-11,13:18:00,32.4,3.5,19.5,0.5,S,D,S1,NO3F,<,0.0003,MG/L,D01A,CBL,,,,,T3
CB4.1C,670930,BAY844,TWQM,MAIN,MDDNR,MDDNR,38.82593,-76.39945,2023-07-11,13:18:00,32.4,3.5,19.5,0.5,S,D,S1,NO3F,<,0.00075,MG/L,D01B,CBL,,,,,T3
CB4.1C,670886,BAY843,TWQM,MAIN,MDDNR,MDDNR,38.82593,-76.39945,2023-06-27,13:33:00,32.5,6.5,21.5,0.5,S,D,S1,NO3F,,0.0,MG/L,D01,CBL,,,,,T3
CB4.1C,670885,BAY842,TWQM,MAIN,MDDNR,MDDNR,38.82593,-76.39945,2023-06-06,12:44:00,32.5,4.5,8.5,0.5,S,D,S1,NO3F,,0.0489,MG/L,D01,CBL,,,,,T3
CB4.1C,645396,BAY840,TWQM,MAIN,MDDNR,MDDNR,38.82593,-76.39945,2023-05-09,12:49:00,32.8,2.5,15.5,0.5,S,D,S1,NO3F,,0.2458,MG/L,D01,CBL,,,,,T3
CB4.1C,670574,BAY838,TWQM,MAIN,MDDNR,MDDNR,38.82593,-76.39945,2023-04-11,12:52:00,33.1,7.5,18.5,0.5,S,D,S1,NO3F,,0.2957,MG/L,D01,CBL,,,,,T3
CB4.1C,640322,BAY836,TWQM,MAIN,MDDNR,MDDNR,38.82593,-76.39945,2023-03-16,13:36:00,33.3,11.5,16.5,0.5,S,D,S1,NO3F,,0.3683,MG/L,D01,CBL,,,,,T3
CB4.1C,640342,BAY832,TWQM,MAIN,MDDNR,MDDNR,38.82593,-76.39945,2023-01-10,12:02:00,33.1,0.7,4.5,0.5,S,D,S1,NO3F,,0.5933,MG/L,D01,CBL,,,,,T3
CB4.1C,624768,BAY830,TWQM,MAIN,MDDNR,MDDNR,38.82593,-76.39945,2022-12-06,11:52:00,33.0,,,0.5,S,D,S1,NO3F,,0.1002,MG/L,D01,CBL,,,,,T3
CB4.1C,624755,BAY828,TWQM,MAIN,MDDNR,MDDNR,38.82593,-76.39945,2022-11-15,12:00:00,32.4,14.5,17.5,0.5,S,D,S1,NO3F,,0.0412,MG/L,D01,CBL,,,,,T3
CB4.1C,624741,BAY826,TWQM,MAIN,MDDNR,MDDNR,38.82593,-76.39945,2022-10-06,14:40:00,31.5,,,0.5,S,D,S1,NO3F,,0.059,MG/L,D01,CBL,,,,,T3
CB4.1C,624712,BAY824,TWQM,MAIN,MDDNR,MDDNR,38.82593,-76.39945,2022-09-13,13:12:00,32.0,7.5,16.5,0.5,S,D,S1,NO3F,<,-0.0001,MG/L,D01A,CBL,NV,,,,T3
CB4.1C,624712,BAY824,TWQM,MAIN,MDDNR,MDDNR,38.82593,-76.39945,2022-09-13,13:12:00,32.0,7.5,16.5,0.5,S,D,S1,NO3F,<,-0.00085,MG/L,D01B,CBL,NV,,,,T3
CB4.1C,625872,BAY823,TWQM,MAIN,MDDNR,MDDNR,38.82593,-76.39945,2022-08-23,12:51:00,32.0,6.5,15.5,0.5,S,D,S1,NO3F,,0.0061,MG/L,D01,CBL,,,,,T3
CB4.1C,625871,BAY822,TWQM,MAIN,MDDNR,MDDNR,38.82593,-76.39945,2022-08-09,13:02:00,31.8,13.5,17.5,0.5,S,D,S1,NO3F,,0.0012,MG/L,D01,CBL,,,,,T3
CB4.1C,699303,BAY820,TWQM,MAIN,MDDNR,MDDNR,38.82593,-76.39945,2022-07-13,12:41:00,32.0,5.5,12.5,0.5,S,D,S1,NO3F,<,-0.0003,MG/L,D01A,CBL,NV,,,,T3
CB4.1C,699303,BAY820,TWQM,MAIN,MDDNR,MDDNR,38.82593,-76.39945,2022-07-13,12:41:00,32.0,5.5,12.5,0.5,S,D,S1,NO3F,<,-0.00105,MG/L,D01B,CBL,NV,,,,T3
CB4.1C,621092,BAY819,TWQM,MAIN,MDDNR,MDDNR,38.82593,-76.39945,2022-06-29,12:38:00,32.3,8.5,18.5,0.5,S,D,S1,NO3F,,0.066,MG/L,D01,CBL,,,,,T3
CB4.1C,621061,BAY817,TWQM,MAIN,MDDNR,MDDNR,38.82593,-76.39945,2022-05-17,13:00:00,32.6,2.5,12.5,0.5,S,D,S1,NO3F,,0.44,MG/L,D01,CBL,,,,,T3
CB4.1C,699206,BAY814,TWQM,MAIN,MDDNR,MDDNR,38.82593,-76.39945,2022-04-12,12:42:00,33.5,5.5,13.5,0.5,S,D,S1,NO3F,,0.3951,MG/L,D01,CBL,,,,,T3
CB4.1C,611589,BAY812,TWQM,MAIN,MDDNR,MDDNR,38.82593,-76.39945,2022-03-15,13:29:00,33.2,8.5,16.5,0.5,S,D,S1,NO3F,,0.4681,MG/L,D01,CBL,,,,,T3
CB4.1C,608274,BAY806,TWQM,MAIN,MDDNR,MDDNR,38.82593,-76.39945,2021-12-08,12:05:00,32.8,,,0.5,S,D,S1,NO3F,,0.2905,MG/L,D01,CBL,,,,,T3
CB4.1C,608260,BAY805,TWQM,MAIN,MDDNR,MDDNR,38.82593,-76.39945,2021-11-17,11:57:00,32.7,4.5,17.5,0.5,S,D,S1,NO3F,,0.4314,MG/L,D01,CBL,,,,,T3
CB4.1C,608240,BAY802,TWQM,MAIN,MDDNR,MDDNR,38.82593,-76.39945,2021-10-05,12:47:00,32.4,2.5,12.5,0.5,S,D,S1,NO3F,,0.2231,MG/L,D01,CBL,,,,,T3
CB4.1C,785801,BAY900,TWQM,MAIN,MDDNR,MDDNR,38.82593,-76.39945,2025-11-18,15:00:00,30.8,,,0.5,S,D,S1,PC,,0.8,MG/L,L01,CBL,,,,,T3
CB4.1C,785781,BAY898,TWQM,MAIN,MDDNR,MDDNR,38.82593,-76.39945,2025-10-06,12:29:00,31.0,8.5,14.5,0.5,S,D,S1,PC,,0.989,MG/L,L01,CBL,,,,,T3
CB4.1C,785724,BAY895,TWQM,MAIN,MDDNR,MDDNR,38.82593,-76.39945,2025-08-26,12:27:00,30.4,10.5,19.5,0.5,S,D,S1,PC,,0.916,MG/L,L01,CBL,,,,,T3
CB4.1C,785723,BAY894,TWQM,MAIN,MDDNR,MDDNR,38.82593,-76.39945,2025-08-06,12:20:00,30.8,4.5,13.5,0.5,S,D,S1,PC,,1.4,MG/L,L01,CBL,,,,,T3
CB4.1C,785680,BAY893,TWQM,MAIN,MDDNR,MDDNR,38.82593,-76.39945,2025-07-21,12:50:00,31.5,3.5,9.5,0.5,S,D,S1,PC,,2.85,MG/L,L01,CBL,,,,,T3
CB4.1C,785833,BAY890,TWQM,MAIN,MDDNR,MDDNR,38.82593,-76.39945,2025-06-09,16:31:00,31.3,4.5,12.5,0.5,S,D,S1,PC,,1.27,MG/L,L01,CBL,,,,,T3
CB4.1C,785649,BAY886,TWQM,MAIN,MDDNR,MDDNR,38.82593,-76.39945,2025-04-15,10:56:00,31.0,1.5,20.5,0.5,S,D,S1,PC,,0.842,MG/L,L01,CBL,,,,,T3
CB4.1C,785611,BAY882,TWQM,MAIN,MDDNR,MDDNR,38.82593,-76.39945,2025-02-04,10:09:00,32.0,3.5,14.5,0.5,S,D,S1,PC,,0.784,MG/L,L01,CBL,,,,,T3
CB4.1C,785597,BAY880,TWQM,MAIN,MDDNR,MDDNR,38.82593,-76.39945,2025-01-13,14:51:00,32.0,,,0.5,S,D,S1,PC,,0.93,MG/L,L01,CBL,,,,,T3
CB4.1C,691077,BAY875,TWQM,MAIN,MDDNR,MDDNR,38.82593,-76.39945,2024-10-23,12:47:00,31.0,,,0.5,S,D,S1,PC,,1.35,MG/L,L01,CBL,,,,,T3
CB4.1C,690825,BAY872,TWQM,MAIN,MDDNR,MDDNR,38.82593,-76.39945,2024-09-23,10:41:00,31.0,9.5,21.5,0.5,S,D,S1,PC,,1.11,MG/L,L01,CBL,,,,,T3
CB4.1C,690640,BAY871,TWQM,MAIN,MDDNR,MDDNR,38.82593,-76.39945,2024-08-27,13:24:00,30.5,7.5,15.5,0.5,S,D,S1,PC,,3.2,MG/L,L01,CBL,,,,,T3
CB4.1C,691274,BAY868,TWQM,MAIN,MDDNR,MDDNR,38.82593,-76.39945,2024-07-16,13:43:00,30.5,10.5,16.5,0.5,S,D,S1,PC,,1.37,MG/L,L01,CBL,,,,,T3
CB4.1C,688805,BAY867,TWQM,MAIN,MDDNR,MDDNR,38.82593,-76.39945,2024-06-26,13:41:00,30.6,14.5,21.5,0.5,S,D,S1,PC,,1.56,MG/L,L01,CBL,,,,,T3
CB4.1C,688778,BAY866,TWQM,MAIN,MDDNR,MDDNR,38.82593,-76.39945,2024-06-04,13:27:00,31.0,6.5,14.5,0.5,S,D,S1,PC,,1.49,MG/L,L01,CBL,,,,,T3
CB4.1C,678074,BAY864,TWQM,MAIN,MDDNR,MDDNR,38.82593,-76.39945,2024-05-14,13:09:00,32.0,10.5,17.5,0.5,S,D,S1,PC,,1.41,MG/L,L01,CBL,,,,,T3
CB4.1C,699623,BAY857,TWQM,MAIN,MDDNR,MDDNR,38.82593,-76.39945,2024-01-24,12:09:00,33.1,3.5,13.5,0.5,S,D,S1,PC,,1.84,MG/L,L01,CBL,,,,,T3
CB4.1C,647860,BAY852,TWQM,MAIN,MDDNR,MDDNR,38.82593,-76.39945,2023-11-16,12:11:00,32.5,10.0,21.0,0.5,S,D,S1,PC,,0.992,MG/L,L01,CBL,,,,,T3
CB4.1C,647720,BAY850,TWQM,MAIN,MDDNR,MDDNR,38.82593,-76.39945,2023-10-05,12:59:00,32.3,,,0.5,S,D,S1,PC,,0.453,MG/L,L01,CBL,,,,,T3
CB4.1C,670855,BAY848,TWQM,MAIN,MDDNR,MDDNR,38.82593,-76.39945,2023-09-12,13:29:00,32.2,3.5,18.5,0.5,S,D,S1,PC,,1.51,MG/L,L01,CBL,,,,,T3
CB4.1C,670975,BAY847,TWQM,MAIN,MDDNR,MDDNR,38.82593,-76.39945,2023-08-29,12:54:00,32.2,7.5,17.5,0.5,S,D,S1,PC,,0.661,MG/L,L01,CBL,,,,,T3
CB4.1C,670930,BAY844,TWQM,MAIN,MDDNR,MDDNR,38.82593,-76.39945,2023-07-11,13:18:00,32.4,3.5,19.5,0.5,S,D,S1,PC,,1.9,MG/L,L01,CBL,,,,,T3
CB4.1C,670886,BAY843,TWQM,MAIN,MDDNR,MDDNR,38.82593,-76.39945,2023-06-27,13:33:00,32.5,6.5,21.5,0.5,S,D,S1,PC,,1.86,MG/L,L01,CBL,,,,,T3
CB4.1C,670885,BAY842,TWQM,MAIN,MDDNR,MDDNR,38.82593,-76.39945,2023-06-06,12:44:00,32.5,4.5,8.5,0.5,S,D,S1,PC,,1.33,MG/L,L01,CBL,,,,,T3
CB4.1C,645396,BAY840,TWQM,MAIN,MDDNR,MDDNR,38.82593,-76.39945,2023-05-09,12:49:00,32.8,2.5,15.5,0.5,S,D,S1,PC,,1.08,MG/L,L01,CBL,,,,,T3
CB4.1C,670574,BAY838,TWQM,MAIN,MDDNR,MDDNR,38.82593,-76.39945,2023-04-11,12:52:00,33.1,7.5,18.5,0.5,S,D,S1,PC,,1.08,MG/L,L01,CBL,,,,,T3
CB4.1C,640322,BAY836,TWQM,MAIN,MDDNR,MDDNR,38.82593,-76.39945,2023-03-16,13:36:00,33.3,11.5,16.5,0.5,S,D,S1,PC,,1.13,MG/L,L01,CBL,JJ,,,,T3
CB4.1C,640342,BAY832,TWQM,MAIN,MDDNR,MDDNR,38.82593,-76.39945,2023-01-10,12:02:00,33.1,0.7,4.5,0.5,S,D,S1,PC,,1.73,MG/L,L01,CBL,,,,,T3
CB4.1C,624768,BAY830,TWQM,MAIN,MDDNR,MDDNR,38.82593,-76.39945,2022-12-06,11:52:00,33.0,,,0.5,S,D,S1,PC,,0.724,MG/L,L01,CBL,,,,,T3
CB4.1C,624755,BAY828,TWQM,MAIN,MDDNR,MDDNR,38.82593,-76.39945,2022-11-15,12:00:00,32.4,14.5,17.5,0.5,S,D,S1,PC,,0.413,MG/L,L01,CBL,,,,,T3
CB4.1C,624741,BAY826,TWQM,MAIN,MDDNR,MDDNR,38.82593,-76.39945,2022-10-06,14:40:00,31.5,,,0.5,S,D,S1,PC,,0.405,MG/L,L01,CBL,,,,,T3
CB4.1C,624712,BAY824,TWQM,MAIN,MDDNR,MDDNR,38.82593,-76.39945,2022-09-13,13:12:00,32.0,7.5,16.5,0.5,S,D,S1,PC,,1.4,MG/L,L01,CBL,,,,,T3
CB4.1C,625872,BAY823,TWQM,MAIN,MDDNR,MDDNR,38.82593,-76.39945,2022-08-23,12:51:00,32.0,6.5,15.5,0.5,S,D,S1,PC,,1.03,MG/L,L01,CBL,,,,,T3
CB4.1C,625871,BAY822,TWQM,MAIN,MDDNR,MDDNR,38.82593,-76.39945,2022-08-09,13:02:00,31.8,13.5,17.5,0.5,S,D,S1,PC,,1.12,MG/L,L01,CBL,,,,,T3
CB4.1C,699303,BAY820,TWQM,MAIN,MDDNR,MDDNR,38.82593,-76.39945,2022-07-13,12:41:00,32.0,5.5,12.5,0.5,S,D,S1,PC,,1.59,MG/L,L01,CBL,,,,,T3
CB4.1C,621092,BAY819,TWQM,MAIN,MDDNR,MDDNR,38.82593,-76.39945,2022-06-29,12:38:00,32.3,8.5,18.5,0.5,S,D,S1,PC,,1.5,MG/L,L01,CBL,,,,,T3
CB4.1C,621061,BAY817,TWQM,MAIN,MDDNR,MDDNR,38.82593,-76.39945,2022-05-17,13:00:00,32.6,2.5,12.5,0.5,S,D,S1,PC,,3.03,MG/L,L01,CBL,,,,,T3
CB4.1C,699206,BAY814,TWQM,MAIN,MDDNR,MDDNR,38.82593,-76.39945,2022-04-12,12:42:00,33.5,5.5,13.5,0.5,S,D,S1,PC,,2.08,MG/L,L01,CBL,,,,,T3
CB4.1C,611589,BAY812,TWQM,MAIN,MDDNR,MDDNR,38.82593,-76.39945,2022-03-15,13:29:00,33.2,8.5,16.5,0.5,S,D,S1,PC,,1.93,MG/L,L01,CBL,,,,,T3
CB4.1C,608274,BAY806,TWQM,MAIN,MDDNR,MDDNR,38.82593,-76.39945,2021-12-08,12:05:00,32.8,,,0.5,S,D,S1,PC,,0.948,MG/L,L01,CBL,,,,,T3
CB4.1C,608260,BAY805,TWQM,MAIN,MDDNR,MDDNR,38.82593,-76.39945,2021-11-17,11:57:00,32.7,4.5,17.5,0.5,S,D,S1,PC,,1.06,MG/L,L01,CBL,,,,,T3
CB4.1C,608240,BAY802,TWQM,MAIN,MDDNR,MDDNR,38.82593,-76.39945,2021-10-05,12:47:00,32.4,2.5,12.5,0.5,S,D,S1,PC,,1.05,MG/L,L01,CBL,,,,,T3
CB4.1C,785801,BAY900,TWQM,MAIN,MDDNR,MDDNR,38.82593,-76.39945,2025-11-18,15:00:00,30.8,,,0.5,S,ISM,M1,PH,,8.1,SU,F01,,,,,,T3
CB4.1C,785781,BAY898,TWQM,MAIN,MDDNR,MDDNR,38.82593,-76.39945,2025-10-06,12:29:00,31.0,8.5,14.5,0.5,S,ISM,M1,PH,,8.2,SU,F01,,,,,,T3
CB4.1C,785724,BAY895,TWQM,MAIN,MDDNR,MDDNR,38.82593,-76.39945,2025-08-26,12:27:00,30.4,10.5,19.5,0.5,S,ISM,M1,PH,,8.2,SU,F01,,,,,,T3
CB4.1C,785723,BAY894,TWQM,MAIN,MDDNR,MDDNR,38.82593,-76.39945,2025-08-06,12:20:00,30.8,4.5,13.5,0.5,S,ISM,M1,PH,,8.3,SU,F01,,,,,,T3
CB4.1C,785680,BAY893,TWQM,MAIN,MDDNR,MDDNR,38.82593,-76.39945,2025-07-21,12:50:00,31.5,3.5,9.5,0.5,S,ISM,M1,PH,,8.5,SU,F01,,,,,,T3
CB4.1C,785833,BAY890,TWQM,MAIN,MDDNR,MDDNR,38.82593,-76.39945,2025-06-09,16:31:00,31.3,4.5,12.5,0.5,S,ISM,M1,PH,,8.1,SU,F01,,,,,,T3
CB4.1C,785649,BAY886,TWQM,MAIN,MDDNR,MDDNR,38.82593,-76.39945,2025-04-15,10:56:00,31.0,1.5,20.5,0.5,S,ISM,M1,PH,,8.0,SU,F01,,,,,,T3
CB4.1C,785611,BAY882,TWQM,MAIN,MDDNR,MDDNR,38.82593,-76.39945,2025-02-04,10:09:00,32.0,3.5,14.5,0.5,S,ISM,M1,PH,,8.3,SU,F01,,,,,,T3
CB4.1C,785597,BAY880,TWQM,MAIN,MDDNR,MDDNR,38.82593,-76.39945,2025-01-13,14:51:00,32.0,,,0.5,S,ISM,M1,PH,,8.3,SU,F01,,,,,,T3
CB4.1C,691077,BAY875,TWQM,MAIN,MDDNR,MDDNR,38.82593,-76.39945,2024-10-23,12:47:00,31.0,,,0.5,S,ISM,M1,PH,,8.2,SU,F01,,,,,,T3
CB4.1C,690825,BAY872,TWQM,MAIN,MDDNR,MDDNR,38.82593,-76.39945,2024-09-23,10:41:00,31.0,9.5,21.5,0.5,S,ISM,M1,PH,,8.2,SU,F01,,,,,,T3
CB4.1C,690640,BAY871,TWQM,MAIN,MDDNR,MDDNR,38.82593,-76.39945,2024-08-27,13:24:00,30.5,7.5,15.5,0.5,S,ISM,M1,PH,,8.7,SU,F01,,,,,,T3
CB4.1C,691274,BAY868,TWQM,MAIN,MDDNR,MDDNR,38.82593,-76.39945,2024-07-16,13:43:00,30.5,10.5,16.5,0.5,S,ISM,M1,PH,,8.2,SU,F01,,,,,,T3
CB4.1C,688805,BAY867,TWQM,MAIN,MDDNR,MDDNR,38.82593,-76.39945,2024-06-26,13:41:00,30.6,14.5,21.5,0.5,S,ISM,M1,PH,,8.3,SU,F01,,,,,,T3
CB4.1C,688778,BAY866,TWQM,MAIN,MDDNR,MDDNR,38.82593,-76.39945,2024-06-04,13:27:00,31.0,6.5,14.5,0.5,S,ISM,M1,PH,,8.6,SU,F01,,,,,,T3
CB4.1C,678074,BAY864,TWQM,MAIN,MDDNR,MDDNR,38.82593,-76.39945,2024-05-14,13:09:00,32.0,10.5,17.5,0.5,S,ISM,M1,PH,,8.4,SU,F01,,,,,,T3
CB4.1C,699623,BAY857,TWQM,MAIN,MDDNR,MDDNR,38.82593,-76.39945,2024-01-24,12:09:00,33.1,3.5,13.5,0.5,S,ISM,M1,PH,,8.4,SU,F01,,,,,,T3
CB4.1C,647860,BAY852,TWQM,MAIN,MDDNR,MDDNR,38.82593,-76.39945,2023-11-16,12:11:00,32.5,10.0,21.0,0.5,S,ISM,M1,PH,,8.3,SU,F01,,,,,,T3
CB4.1C,647720,BAY850,TWQM,MAIN,MDDNR,MDDNR,38.82593,-76.39945,2023-10-05,12:59:00,32.3,,,0.5,S,ISM,M1,PH,,7.8,SU,F01,,,,,,T3
CB4.1C,670855,BAY848,TWQM,MAIN,MDDNR,MDDNR,38.82593,-76.39945,2023-09-12,13:29:00,32.2,3.5,18.5,0.5,S,ISM,M1,PH,,8.1,SU,F01,,,,,,T3
CB4.1C,670975,BAY847,TWQM,MAIN,MDDNR,MDDNR,38.82593,-76.39945,2023-08-29,12:54:00,32.2,7.5,17.5,0.5,S,ISM,M1,PH,,7.7,SU,F01,,,,,,T3
CB4.1C,670930,BAY844,TWQM,MAIN,MDDNR,MDDNR,38.82593,-76.39945,2023-07-11,13:18:00,32.4,3.5,19.5,0.5,S,ISM,M1,PH,,8.1,SU,F01,,,,,,T3
CB4.1C,670886,BAY843,TWQM,MAIN,MDDNR,MDDNR,38.82593,-76.39945,2023-06-27,13:33:00,32.5,6.5,21.5,0.5,S,ISM,M1,PH,,8.1,SU,F01,,,,,,T3
CB4.1C,670885,BAY842,TWQM,MAIN,MDDNR,MDDNR,38.82593,-76.39945,2023-06-06,12:44:00,32.5,4.5,8.5,0.5,S,ISM,M1,PH,,8.0,SU,F01,,,,,,T3
CB4.1C,645396,BAY840,TWQM,MAIN,MDDNR,MDDNR,38.82593,-76.39945,2023-05-09,12:49:00,32.8,2.5,15.5,0.5,S,ISM,M1,PH,,8.0,SU,F01,,,,,,T3
CB4.1C,670574,BAY838,TWQM,MAIN,MDDNR,MDDNR,38.82593,-76.39945,2023-04-11,12:52:00,33.1,7.5,18.5,0.5,S,ISM,M1,PH,,8.0,SU,F01,,,,,,T3
CB4.1C,640322,BAY836,TWQM,MAIN,MDDNR,MDDNR,38.82593,-76.39945,2023-03-16,13:36:00,33.3,11.5,16.5,0.5,S,ISM,M1,PH,,7.9,SU,F01,,,,,,T3
CB4.1C,640342,BAY832,TWQM,MAIN,MDDNR,MDDNR,38.82593,-76.39945,2023-01-10,12:02:00,33.1,0.7,4.5,0.5,S,ISM,M1,PH,,8.1,SU,F01,,,,,,T3
CB4.1C,624768,BAY830,TWQM,MAIN,MDDNR,MDDNR,38.82593,-76.39945,2022-12-06,11:52:00,33.0,,,0.5,S,ISM,M1,PH,,7.9,SU,F01,,,,,,T3
CB4.1C,624755,BAY828,TWQM,MAIN,MDDNR,MDDNR,38.82593,-76.39945,2022-11-15,12:00:00,32.4,14.5,17.5,0.5,S,ISM,M1,PH,,7.9,SU,F01,,,,,,T3
CB4.1C,624741,BAY826,TWQM,MAIN,MDDNR,MDDNR,38.82593,-76.39945,2022-10-06,14:40:00,31.5,,,0.5,S,ISM,M1,PH,,7.8,SU,F01,,,,,,T3
CB4.1C,624712,BAY824,TWQM,MAIN,MDDNR,MDDNR,38.82593,-76.39945,2022-09-13,13:12:00,32.0,7.5,16.5,0.5,S,ISM,M1,PH,,8.0,SU,F01,,,,,,T3
CB4.1C,625872,BAY823,TWQM,MAIN,MDDNR,MDDNR,38.82593,-76.39945,2022-08-23,12:51:00,32.0,6.5,15.5,0.5,S,ISM,M1,PH,,8.2,SU,F01,,,,,,T3
CB4.1C,625871,BAY822,TWQM,MAIN,MDDNR,MDDNR,38.82593,-76.39945,2022-08-09,13:02:00,31.8,13.5,17.5,0.5,S,ISM,M1,PH,,8.0,SU,F01,,,,,,T3
CB4.1C,699303,BAY820,TWQM,MAIN,MDDNR,MDDNR,38.82593,-76.39945,2022-07-13,12:41:00,32.0,5.5,12.5,0.5,S,ISM,M1,PH,,8.3,SU,F01,,,,,,T3
CB4.1C,621092,BAY819,TWQM,MAIN,MDDNR,MDDNR,38.82593,-76.39945,2022-06-29,12:38:00,32.3,8.5,18.5,0.5,S,ISM,M1,PH,,8.0,SU,F01,,,,,,T3
CB4.1C,621061,BAY817,TWQM,MAIN,MDDNR,MDDNR,38.82593,-76.39945,2022-05-17,13:00:00,32.6,2.5,12.5,0.5,S,ISM,M1,PH,,8.9,SU,F01,,,,,,T3
CB4.1C,699206,BAY814,TWQM,MAIN,MDDNR,MDDNR,38.82593,-76.39945,2022-04-12,12:42:00,33.5,5.5,13.5,0.5,S,ISM,M1,PH,,8.2,SU,F01,,,,,,T3
CB4.1C,611589,BAY812,TWQM,MAIN,MDDNR,MDDNR,38.82593,-76.39945,2022-03-15,13:29:00,33.2,8.5,16.5,0.5,S,ISM,M1,PH,,8.0,SU,F01,,,,,,T3
CB4.1C,608274,BAY806,TWQM,MAIN,MDDNR,MDDNR,38.82593,-76.39945,2021-12-08,12:05:00,32.8,,,0.5,S,ISM,M1,PH,,7.9,SU,F01,,,,,,T3
CB4.1C,608260,BAY805,TWQM,MAIN,MDDNR,MDDNR,38.82593,-76.39945,2021-11-17,11:57:00,32.7,4.5,17.5,0.5,S,ISM,M1,PH,,8.1,SU,F01,,,,,,T3
CB4.1C,608240,BAY802,TWQM,MAIN,MDDNR,MDDNR,38.82593,-76.39945,2021-10-05,12:47:00,32.4,2.5,12.5,0.5,S,ISM,M1,PH,,8.1,SU,F01,,,,,,T3
CB4.1C,785801,BAY900,TWQM,MAIN,MDDNR,MDDNR,38.82593,-76.39945,2025-11-18,15:00:00,30.8,,,0.5,S,D,S1,PHEO,,2.456,UG/L,L01,CBL,,,,,T3
CB4.1C,785781,BAY898,TWQM,MAIN,MDDNR,MDDNR,38.82593,-76.39945,2025-10-06,12:29:00,31.0,8.5,14.5,0.5,S,D,S1,PHEO,,1.175,UG/L,L01,CBL,,,,,T3
CB4.1C,785724,BAY895,TWQM,MAIN,MDDNR,MDDNR,38.82593,-76.39945,2025-08-26,12:27:00,30.4,10.5,19.5,0.5,S,D,S1,PHEO,,1.666,UG/L,L01,CBL,,,,,T3
CB4.1C,785723,BAY894,TWQM,MAIN,MDDNR,MDDNR,38.82593,-76.39945,2025-08-06,12:20:00,30.8,4.5,13.5,0.5,S,D,S1,PHEO,,3.444,UG/L,L01,CBL,,,,,T3
CB4.1C,785680,BAY893,TWQM,MAIN,MDDNR,MDDNR,38.82593,-76.39945,2025-07-21,12:50:00,31.5,3.5,9.5,0.5,S,D,S1,PHEO,,3.503,UG/L,L01,CBL,,,,,T3
CB4.1C,785833,BAY890,TWQM,MAIN,MDDNR,MDDNR,38.82593,-76.39945,2025-06-09,16:31:00,31.3,4.5,12.5,0.5,S,D,S1,PHEO,,1.08,UG/L,L01,CBL,,,,,T3
CB4.1C,785649,BAY886,TWQM,MAIN,MDDNR,MDDNR,38.82593,-76.39945,2025-04-15,10:56:00,31.0,1.5,20.5,0.5,S,D,S1,PHEO,<,0.74,UG/L,L01,CBL,,,,,T3
CB4.1C,785611,BAY882,TWQM,MAIN,MDDNR,MDDNR,38.82593,-76.39945,2025-02-04,10:09:00,32.0,3.5,14.5,0.5,S,D,S1,PHEO,,1.615,UG/L,L01,CBL,,,,,T3
CB4.1C,785597,BAY880,TWQM,MAIN,MDDNR,MDDNR,38.82593,-76.39945,2025-01-13,14:51:00,32.0,,,0.5,S,D,S1,PHEO,,1.755,UG/L,L01,CBL,,,,,T3
CB4.1C,691077,BAY875,TWQM,MAIN,MDDNR,MDDNR,38.82593,-76.39945,2024-10-23,12:47:00,31.0,,,0.5,S,D,S1,PHEO,,1.153,UG/L,L01,CBL,,,,,T3
CB4.1C,690825,BAY872,TWQM,MAIN,MDDNR,MDDNR,38.82593,-76.39945,2024-09-23,10:41:00,31.0,9.5,21.5,0.5,S,D,S1,PHEO,,1.367,UG/L,L01,CBL,,,,,T3
CB4.1C,690640,BAY871,TWQM,MAIN,MDDNR,MDDNR,38.82593,-76.39945,2024-08-27,13:24:00,30.5,7.5,15.5,0.5,S,D,S1,PHEO,,3.546,UG/L,L01,CBL,,,,,T3
CB4.1C,691274,BAY868,TWQM,MAIN,MDDNR,MDDNR,38.82593,-76.39945,2024-07-16,13:43:00,30.5,10.5,16.5,0.5,S,D,S1,PHEO,,1.739,UG/L,L01,CBL,,,,,T3
CB4.1C,688805,BAY867,TWQM,MAIN,MDDNR,MDDNR,38.82593,-76.39945,2024-06-26,13:41:00,30.6,14.5,21.5,0.5,S,D,S1,PHEO,,1.517,UG/L,L01,CBL,,,,,T3
CB4.1C,688778,BAY866,TWQM,MAIN,MDDNR,MDDNR,38.82593,-76.39945,2024-06-04,13:27:00,31.0,6.5,14.5,0.5,S,D,S1,PHEO,<,0.74,UG/L,L01,CBL,,,,,T3
CB4.1C,678074,BAY864,TWQM,MAIN,MDDNR,MDDNR,38.82593,-76.39945,2024-05-14,13:09:00,32.0,10.5,17.5,0.5,S,D,S1,PHEO,,0.812,UG/L,L01,CBL,,,,,T3
CB4.1C,699623,BAY857,TWQM,MAIN,MDDNR,MDDNR,38.82593,-76.39945,2024-01-24,12:09:00,33.1,3.5,13.5,0.5,S,D,S1,PHEO,,1.559,UG/L,L01,CBL,,,,,T3
CB4.1C,647860,BAY852,TWQM,MAIN,MDDNR,MDDNR,38.82593,-76.39945,2023-11-16,12:11:00,32.5,10.0,21.0,0.5,S,D,S1,PHEO,,1.837,UG/L,L01,CBL,,,,,T3
CB4.1C,647720,BAY850,TWQM,MAIN,MDDNR,MDDNR,38.82593,-76.39945,2023-10-05,12:59:00,32.3,,,0.5,S,D,S1,PHEO,,2.232,UG/L,L01,CBL,,,,,T3
CB4.1C,670855,BAY848,TWQM,MAIN,MDDNR,MDDNR,38.82593,-76.39945,2023-09-12,13:29:00,32.2,3.5,18.5,0.5,S,D,S1,PHEO,,1.938,UG/L,L01,CBL,,,,,T3
CB4.1C,670975,BAY847,TWQM,MAIN,MDDNR,MDDNR,38.82593,-76.39945,2023-08-29,12:54:00,32.2,7.5,17.5,0.5,S,D,S1,PHEO,,2.98,UG/L,L01,CBL,,,,,T3
CB4.1C,670930,BAY844,TWQM,MAIN,MDDNR,MDDNR,38.82593,-76.39945,2023-07-11,13:18:00,32.4,3.5,19.5,0.5,S,D,S1,PHEO,,1.666,UG/L,L01,CBL,,,,,T3
CB4.1C,670886,BAY843,TWQM,MAIN,MDDNR,MDDNR,38.82593,-76.39945,2023-06-27,13:33:00,32.5,6.5,21.5,0.5,S,D,S1,PHEO,,1.419,UG/L,L01,CBL,,,,,T3
CB4.1C,670885,BAY842,TWQM,MAIN,MDDNR,MDDNR,38.82593,-76.39945,2023-06-06,12:44:00,32.5,4.5,8.5,0.5,S,D,S1,PHEO,,1.678,UG/L,L01,CBL,,,,,T3
CB4.1C,645396,BAY840,TWQM,MAIN,MDDNR,MDDNR,38.82593,-76.39945,2023-05-09,12:49:00,32.8,2.5,15.5,0.5,S,D,S1,PHEO,,0.951,UG/L,L01,CBL,,,,,T3
CB4.1C,670574,BAY838,TWQM,MAIN,MDDNR,MDDNR,38.82593,-76.39945,2023-04-11,12:52:00,33.1,7.5,18.5,0.5,S,D,S1,PHEO,,0.822,UG/L,L01,CBL,,,,,T3
CB4.1C,640322,BAY836,TWQM,MAIN,MDDNR,MDDNR,38.82593,-76.39945,2023-03-16,13:36:00,33.3,11.5,16.5,0.5,S,D,S1,PHEO,,1.678,UG/L,L01,CBL,,,,,T3
CB4.1C,640342,BAY832,TWQM,MAIN,MDDNR,MDDNR,38.82593,-76.39945,2023-01-10,12:02:00,33.1,0.7,4.5,0.5,S,D,S1,PHEO,,3.781,UG/L,L01,CBL,,,,,T3
CB4.1C,624768,BAY830,TWQM,MAIN,MDDNR,MDDNR,38.82593,-76.39945,2022-12-06,11:52:00,33.0,,,0.5,S,D,S1,PHEO,,4.251,UG/L,L01,CBL,,,,,T3
CB4.1C,624755,BAY828,TWQM,MAIN,MDDNR,MDDNR,38.82593,-76.39945,2022-11-15,12:00:00,32.4,14.5,17.5,0.5,S,D,S1,PHEO,,2.029,UG/L,L01,CBL,,,,,T3
CB4.1C,624741,BAY826,TWQM,MAIN,MDDNR,MDDNR,38.82593,-76.39945,2022-10-06,14:40:00,31.5,,,0.5,S,D,S1,PHEO,,1.26,UG/L,L01,CBL,,,,,T3
CB4.1C,624712,BAY824,TWQM,MAIN,MDDNR,MDDNR,38.82593,-76.39945,2022-09-13,13:12:00,32.0,7.5,16.5,0.5,S,D,S1,PHEO,,1.877,UG/L,L01,CBL,,,,,T3
CB4.1C,625872,BAY823,TWQM,MAIN,MDDNR,MDDNR,38.82593,-76.39945,2022-08-23,12:51:00,32.0,6.5,15.5,0.5,S,D,S1,PHEO,,1.188,UG/L,L01,CBL,,,,,T3
CB4.1C,625871,BAY822,TWQM,MAIN,MDDNR,MDDNR,38.82593,-76.39945,2022-08-09,13:02:00,31.8,13.5,17.5,0.5,S,D,S1,PHEO,,0.769,UG/L,L01,CBL,,,,,T3
CB4.1C,699303,BAY820,TWQM,MAIN,MDDNR,MDDNR,38.82593,-76.39945,2022-07-13,12:41:00,32.0,5.5,12.5,0.5,S,D,S1,PHEO,,4.272,UG/L,L01,CBL,,,,,T3
CB4.1C,621092,BAY819,TWQM,MAIN,MDDNR,MDDNR,38.82593,-76.39945,2022-06-29,12:38:00,32.3,8.5,18.5,0.5,S,D,S1,PHEO,,2.051,UG/L,L01,CBL,,,,,T3
CB4.1C,621061,BAY817,TWQM,MAIN,MDDNR,MDDNR,38.82593,-76.39945,2022-05-17,13:00:00,32.6,2.5,12.5,0.5,S,D,S1,PHEO,,2.093,UG/L,L01,CBL,,,,,T3
CB4.1C,699206,BAY814,TWQM,MAIN,MDDNR,MDDNR,38.82593,-76.39945,2022-04-12,12:42:00,33.5,5.5,13.5,0.5,S,D,S1,PHEO,,2.35,UG/L,L01,CBL,,,,,T3
CB4.1C,611589,BAY812,TWQM,MAIN,MDDNR,MDDNR,38.82593,-76.39945,2022-03-15,13:29:00,33.2,8.5,16.5,0.5,S,D,S1,PHEO,,1.239,UG/L,L01,CBL,,,,,T3
CB4.1C,608274,BAY806,TWQM,MAIN,MDDNR,MDDNR,38.82593,-76.39945,2021-12-08,12:05:00,32.8,,,0.5,S,D,S1,PHEO,,3.097,UG/L,L01,CBL,,,,,T3
CB4.1C,608260,BAY805,TWQM,MAIN,MDDNR,MDDNR,38.82593,-76.39945,2021-11-17,11:57:00,32.7,4.5,17.5,0.5,S,D,S1,PHEO,,2.492,UG/L,L01,CBL,,,,,T3
CB4.1C,608240,BAY802,TWQM,MAIN,MDDNR,MDDNR,38.82593,-76.39945,2021-10-05,12:47:00,32.4,2.5,12.5,0.5,S,D,S1,PHEO,,6.859,UG/L,L01,CBL,,,,,T3
CB4.1C,785801,BAY900,TWQM,MAIN,MDDNR,MDDNR,38.82593,-76.39945,2025-11-18,15:00:00,30.8,,,0.5,S,D,S1,PN,,0.154,MG/L,L01,CBL,,,,,T3
CB4.1C,785781,BAY898,TWQM,MAIN,MDDNR,MDDNR,38.82593,-76.39945,2025-10-06,12:29:00,31.0,8.5,14.5,0.5,S,D,S1,PN,,0.179,MG/L,L01,CBL,,,,,T3
CB4.1C,785724,BAY895,TWQM,MAIN,MDDNR,MDDNR,38.82593,-76.39945,2025-08-26,12:27:00,30.4,10.5,19.5,0.5,S,D,S1,PN,,0.154,MG/L,L01,CBL,,,,,T3
CB4.1C,785723,BAY894,TWQM,MAIN,MDDNR,MDDNR,38.82593,-76.39945,2025-08-06,12:20:00,30.8,4.5,13.5,0.5,S,D,S1,PN,,0.264,MG/L,L01,CBL,,,,,T3
CB4.1C,785680,BAY893,TWQM,MAIN,MDDNR,MDDNR,38.82593,-76.39945,2025-07-21,12:50:00,31.5,3.5,9.5,0.5,S,D,S1,PN,,0.47,MG/L,L01,CBL,,,,,T3
CB4.1C,785833,BAY890,TWQM,MAIN,MDDNR,MDDNR,38.82593,-76.39945,2025-06-09,16:31:00,31.3,4.5,12.5,0.5,S,D,S1,PN,,0.203,MG/L,L01,CBL,,,,,T3
CB4.1C,785649,BAY886,TWQM,MAIN,MDDNR,MDDNR,38.82593,-76.39945,2025-04-15,10:56:00,31.0,1.5,20.5,0.5,S,D,S1,PN,,0.145,MG/L,L01,CBL,,,,,T3
CB4.1C,785611,BAY882,TWQM,MAIN,MDDNR,MDDNR,38.82593,-76.39945,2025-02-04,10:09:00,32.0,3.5,14.5,0.5,S,D,S1,PN,,0.12,MG/L,L01,CBL,,,,,T3
CB4.1C,785597,BAY880,TWQM,MAIN,MDDNR,MDDNR,38.82593,-76.39945,2025-01-13,14:51:00,32.0,,,0.5,S,D,S1,PN,,0.146,MG/L,L01,CBL,,,,,T3
CB4.1C,691077,BAY875,TWQM,MAIN,MDDNR,MDDNR,38.82593,-76.39945,2024-10-23,12:47:00,31.0,,,0.5,S,D,S1,PN,,0.238,MG/L,L01,CBL,,,,,T3
CB4.1C,690825,BAY872,TWQM,MAIN,MDDNR,MDDNR,38.82593,-76.39945,2024-09-23,10:41:00,31.0,9.5,21.5,0.5,S,D,S1,PN,,0.242,MG/L,L01,CBL,,,,,T3
CB4.1C,690640,BAY871,TWQM,MAIN,MDDNR,MDDNR,38.82593,-76.39945,2024-08-27,13:24:00,30.5,7.5,15.5,0.5,S,D,S1,PN,,0.486,MG/L,L01,CBL,,,,,T3
CB4.1C,691274,BAY868,TWQM,MAIN,MDDNR,MDDNR,38.82593,-76.39945,2024-07-16,13:43:00,30.5,10.5,16.5,0.5,S,D,S1,PN,,0.224,MG/L,L01,CBL,,,,,T3
CB4.1C,688805,BAY867,TWQM,MAIN,MDDNR,MDDNR,38.82593,-76.39945,2024-06-26,13:41:00,30.6,14.5,21.5,0.5,S,D,S1,PN,,0.265,MG/L,L01,CBL,,,,,T3
CB4.1C,688778,BAY866,TWQM,MAIN,MDDNR,MDDNR,38.82593,-76.39945,2024-06-04,13:27:00,31.0,6.5,14.5,0.5,S,D,S1,PN,,0.24,MG/L,L01,CBL,,,,,T3
CB4.1C,678074,BAY864,TWQM,MAIN,MDDNR,MDDNR,38.82593,-76.39945,2024-05-14,13:09:00,32.0,10.5,17.5,0.5,S,D,S1,PN,,0.224,MG/L,L01,CBL,,,,,T3
CB4.1C,699623,BAY857,TWQM,MAIN,MDDNR,MDDNR,38.82593,-76.39945,2024-01-24,12:09:00,33.1,3.5,13.5,0.5,S,D,S1,PN,,0.3,MG/L,L01,CBL,,,,,T3
CB4.1C,647860,BAY852,TWQM,MAIN,MDDNR,MDDNR,38.82593,-76.39945,2023-11-16,12:11:00,32.5,10.0,21.0,0.5,S,D,S1,PN,,0.168,MG/L,L01,CBL,,,,,T3
CB4.1C,647720,BAY850,TWQM,MAIN,MDDNR,MDDNR,38.82593,-76.39945,2023-10-05,12:59:00,32.3,,,0.5,S,D,S1,PN,,0.099,MG/L,L01,CBL,,,,,T3
CB4.1C,670855,BAY848,TWQM,MAIN,MDDNR,MDDNR,38.82593,-76.39945,2023-09-12,13:29:00,32.2,3.5,18.5,0.5,S,D,S1,PN,,0.248,MG/L,L01,CBL,,,,,T3
CB4.1C,670975,BAY847,TWQM,MAIN,MDDNR,MDDNR,38.82593,-76.39945,2023-08-29,12:54:00,32.2,7.5,17.5,0.5,S,D,S1,PN,,0.135,MG/L,L01,CBL,,,,,T3
CB4.1C,670930,BAY844,TWQM,MAIN,MDDNR,MDDNR,38.82593,-76.39945,2023-07-11,13:18:00,32.4,3.5,19.5,0.5,S,D,S1,PN,,0.312,MG/L,L01,CBL,,,,,T3
CB4.1C,670886,BAY843,TWQM,MAIN,MDDNR,MDDNR,38.82593,-76.39945,2023-06-27,13:33:00,32.5,6.5,21.5,0.5,S,D,S1,PN,,0.321,MG/L,L01,CBL,,,,,T3
CB4.1C,670885,BAY842,TWQM,MAIN,MDDNR,MDDNR,38.82593,-76.39945,2023-06-06,12:44:00,32.5,4.5,8.5,0.5,S,D,S1,PN,,0.237,MG/L,L01,CBL,,,,,T3
CB4.1C,645396,BAY840,TWQM,MAIN,MDDNR,MDDNR,38.82593,-76.39945,2023-05-09,12:49:00,32.8,2.5,15.5,0.5,S,D,S1,PN,,0.151,MG/L,L01,CBL,,,,,T3
CB4.1C,670574,BAY838,TWQM,MAIN,MDDNR,MDDNR,38.82593,-76.39945,2023-04-11,12:52:00,33.1,7.5,18.5,0.5,S,D,S1,PN,,0.173,MG/L,L01,CBL,,,,,T3
CB4.1C,640322,BAY836,TWQM,MAIN,MDDNR,MDDNR,38.82593,-76.39945,2023-03-16,13:36:00,33.3,11.5,16.5,0.5,S,D,S1,PN,,0.192,MG/L,L01,CBL,JJ,,,,T3
CB4.1C,640342,BAY832,TWQM,MAIN,MDDNR,MDDNR,38.82593,-76.39945,2023-01-10,12:02:00,33.1,0.7,4.5,0.5,S,D,S1,PN,,0.262,MG/L,L01,CBL,,,,,T3
CB4.1C,624768,BAY830,TWQM,MAIN,MDDNR,MDDNR,38.82593,-76.39945,2022-12-06,11:52:00,33.0,,,0.5,S,D,S1,PN,,0.13,MG/L,L01,CBL,,,,,T3
CB4.1C,624755,BAY828,TWQM,MAIN,MDDNR,MDDNR,38.82593,-76.39945,2022-11-15,12:00:00,32.4,14.5,17.5,0.5,S,D,S1,PN,,0.0817,MG/L,L01,CBL,,,,,T3
CB4.1C,624741,BAY826,TWQM,MAIN,MDDNR,MDDNR,38.82593,-76.39945,2022-10-06,14:40:00,31.5,,,0.5,S,D,S1,PN,,0.0677,MG/L,L01,CBL,,,,,T3
CB4.1C,624712,BAY824,TWQM,MAIN,MDDNR,MDDNR,38.82593,-76.39945,2022-09-13,13:12:00,32.0,7.5,16.5,0.5,S,D,S1,PN,,0.239,MG/L,L01,CBL,,,,,T3
CB4.1C,625872,BAY823,TWQM,MAIN,MDDNR,MDDNR,38.82593,-76.39945,2022-08-23,12:51:00,32.0,6.5,15.5,0.5,S,D,S1,PN,,0.173,MG/L,L01,CBL,,,,,T3
CB4.1C,625871,BAY822,TWQM,MAIN,MDDNR,MDDNR,38.82593,-76.39945,2022-08-09,13:02:00,31.8,13.5,17.5,0.5,S,D,S1,PN,,0.216,MG/L,L01,CBL,,,,,T3
CB4.1C,699303,BAY820,TWQM,MAIN,MDDNR,MDDNR,38.82593,-76.39945,2022-07-13,12:41:00,32.0,5.5,12.5,0.5,S,D,S1,PN,,0.299,MG/L,L01,CBL,,,,,T3
CB4.1C,621092,BAY819,TWQM,MAIN,MDDNR,MDDNR,38.82593,-76.39945,2022-06-29,12:38:00,32.3,8.5,18.5,0.5,S,D,S1,PN,,0.271,MG/L,L01,CBL,,,,,T3
CB4.1C,621061,BAY817,TWQM,MAIN,MDDNR,MDDNR,38.82593,-76.39945,2022-05-17,13:00:00,32.6,2.5,12.5,0.5,S,D,S1,PN,,0.388,MG/L,L01,CBL,,,,,T3
CB4.1C,699206,BAY814,TWQM,MAIN,MDDNR,MDDNR,38.82593,-76.39945,2022-04-12,12:42:00,33.5,5.5,13.5,0.5,S,D,S1,PN,,0.354,MG/L,L01,CBL,,,,,T3
CB4.1C,611589,BAY812,TWQM,MAIN,MDDNR,MDDNR,38.82593,-76.39945,2022-03-15,13:29:00,33.2,8.5,16.5,0.5,S,D,S1,PN,,0.312,MG/L,L01,CBL,,,,,T3
CB4.1C,608274,BAY806,TWQM,MAIN,MDDNR,MDDNR,38.82593,-76.39945,2021-12-08,12:05:00,32.8,,,0.5,S,D,S1,PN,,0.176,MG/L,L01,CBL,,,,,T3
CB4.1C,608260,BAY805,TWQM,MAIN,MDDNR,MDDNR,38.82593,-76.39945,2021-11-17,11:57:00,32.7,4.5,17.5,0.5,S,D,S1,PN,,0.192,MG/L,L01,CBL,,,,,T3
CB4.1C,608240,BAY802,TWQM,MAIN,MDDNR,MDDNR,38.82593,-76.39945,2021-10-05,12:47:00,32.4,2.5,12.5,0.5,S,D,S1,PN,,0.217,MG/L,L01,CBL,,,,,T3
CB4.1C,785801,BAY900,TWQM,MAIN,MDDNR,MDDNR,38.82593,-76.39945,2025-11-18,15:00:00,30.8,,,0.5,S,D,S1,PO4F,<,0.0034,MG/L,L01,CBL,,,,,T3
CB4.1C,785781,BAY898,TWQM,MAIN,MDDNR,MDDNR,38.82593,-76.39945,2025-10-06,12:29:00,31.0,8.5,14.5,0.5,S,D,S1,PO4F,<,0.0034,MG/L,L01,CBL,,,,,T3
CB4.1C,785724,BAY895,TWQM,MAIN,MDDNR,MDDNR,38.82593,-76.39945,2025-08-26,12:27:00,30.4,10.5,19.5,0.5,S,D,S1,PO4F,<,0.0034,MG/L,L01,CBL,,,,,T3
CB4.1C,785723,BAY894,TWQM,MAIN,MDDNR,MDDNR,38.82593,-76.39945,2025-08-06,12:20:00,30.8,4.5,13.5,0.5,S,D,S1,PO4F,<,0.0034,MG/L,L01,CBL,,,,,T3
CB4.1C,785680,BAY893,TWQM,MAIN,MDDNR,MDDNR,38.82593,-76.39945,2025-07-21,12:50:00,31.5,3.5,9.5,0.5,S,D,S1,PO4F,<,0.0034,MG/L,L01,CBL,,,,,T3
CB4.1C,785833,BAY890,TWQM,MAIN,MDDNR,MDDNR,38.82593,-76.39945,2025-06-09,16:31:00,31.3,4.5,12.5,0.5,S,D,S1,PO4F,<,0.0034,MG/L,L01,CBL,,,,,T3
CB4.1C,785649,BAY886,TWQM,MAIN,MDDNR,MDDNR,38.82593,-76.39945,2025-04-15,10:56:00,31.0,1.5,20.5,0.5,S,D,S1,PO4F,<,0.0034,MG/L,L01,CBL,,,,,T3
CB4.1C,785611,BAY882,TWQM,MAIN,MDDNR,MDDNR,38.82593,-76.39945,2025-02-04,10:09:00,32.0,3.5,14.5,0.5,S,D,S1,PO4F,<,0.0034,MG/L,L01,CBL,,,,,T3
CB4.1C,785597,BAY880,TWQM,MAIN,MDDNR,MDDNR,38.82593,-76.39945,2025-01-13,14:51:00,32.0,,,0.5,S,D,S1,PO4F,<,0.0034,MG/L,L01,CBL,,,,,T3
CB4.1C,691077,BAY875,TWQM,MAIN,MDDNR,MDDNR,38.82593,-76.39945,2024-10-23,12:47:00,31.0,,,0.5,S,D,S1,PO4F,<,0.0034,MG/L,L01,CBL,,,,,T3
CB4.1C,690825,BAY872,TWQM,MAIN,MDDNR,MDDNR,38.82593,-76.39945,2024-09-23,10:41:00,31.0,9.5,21.5,0.5,S,D,S1,PO4F,<,0.0034,MG/L,L01,CBL,,,,,T3
CB4.1C,690640,BAY871,TWQM,MAIN,MDDNR,MDDNR,38.82593,-76.39945,2024-08-27,13:24:00,30.5,7.5,15.5,0.5,S,D,S1,PO4F,,0.0066,MG/L,L01,CBL,,,,,T3
CB4.1C,691274,BAY868,TWQM,MAIN,MDDNR,MDDNR,38.82593,-76.39945,2024-07-16,13:43:00,30.5,10.5,16.5,0.5,S,D,S1,PO4F,<,0.0034,MG/L,L01,CBL,,,,,T3
CB4.1C,688805,BAY867,TWQM,MAIN,MDDNR,MDDNR,38.82593,-76.39945,2024-06-26,13:41:00,30.6,14.5,21.5,0.5,S,D,S1,PO4F,<,0.0034,MG/L,L01,CBL,,,,,T3
CB4.1C,688778,BAY866,TWQM,MAIN,MDDNR,MDDNR,38.82593,-76.39945,2024-06-04,13:27:00,31.0,6.5,14.5,0.5,S,D,S1,PO4F,<,0.0034,MG/L,L01,CBL,,,,,T3
CB4.1C,678074,BAY864,TWQM,MAIN,MDDNR,MDDNR,38.82593,-76.39945,2024-05-14,13:09:00,32.0,10.5,17.5,0.5,S,D,S1,PO4F,<,0.0034,MG/L,L01,CBL,,,,,T3
CB4.1C,699623,BAY857,TWQM,MAIN,MDDNR,MDDNR,38.82593,-76.39945,2024-01-24,12:09:00,33.1,3.5,13.5,0.5,S,D,S1,PO4F,,0.0034,MG/L,L01,CBL,,,,,T3
CB4.1C,647860,BAY852,TWQM,MAIN,MDDNR,MDDNR,38.82593,-76.39945,2023-11-16,12:11:00,32.5,10.0,21.0,0.5,S,D,S1,PO4F,<,0.0034,MG/L,L01,CBL,,,,,T3
CB4.1C,647720,BAY850,TWQM,MAIN,MDDNR,MDDNR,38.82593,-76.39945,2023-10-05,12:59:00,32.3,,,0.5,S,D,S1,PO4F,,0.0041,MG/L,L01,CBL,,,,,T3
CB4.1C,670855,BAY848,TWQM,MAIN,MDDNR,MDDNR,38.82593,-76.39945,2023-09-12,13:29:00,32.2,3.5,18.5,0.5,S,D,S1,PO4F,<,0.0034,MG/L,L01,CBL,,,,,T3
CB4.1C,670975,BAY847,TWQM,MAIN,MDDNR,MDDNR,38.82593,-76.39945,2023-08-29,12:54:00,32.2,7.5,17.5,0.5,S,D,S1,PO4F,,0.008,MG/L,L01,CBL,,,,,T3
CB4.1C,670930,BAY844,TWQM,MAIN,MDDNR,MDDNR,38.82593,-76.39945,2023-07-11,13:18:00,32.4,3.5,19.5,0.5,S,D,S1,PO4F,,0.0034,MG/L,L01,CBL,,,,,T3
CB4.1C,670886,BAY843,TWQM,MAIN,MDDNR,MDDNR,38.82593,-76.39945,2023-06-27,13:33:00,32.5,6.5,21.5,0.5,S,D,S1,PO4F,,0.0043,MG/L,L01,CBL,,,,,T3
CB4.1C,670885,BAY842,TWQM,MAIN,MDDNR,MDDNR,38.82593,-76.39945,2023-06-06,12:44:00,32.5,4.5,8.5,0.5,S,D,S1,PO4F,<,0.0034,MG/L,L01,CBL,,,,,T3
CB4.1C,645396,BAY840,TWQM,MAIN,MDDNR,MDDNR,38.82593,-76.39945,2023-05-09,12:49:00,32.8,2.5,15.5,0.5,S,D,S1,PO4F,<,0.0034,MG/L,L01,CBL,,,,,T3
CB4.1C,670574,BAY838,TWQM,MAIN,MDDNR,MDDNR,38.82593,-76.39945,2023-04-11,12:52:00,33.1,7.5,18.5,0.5,S,D,S1,PO4F,<,0.0034,MG/L,L01,CBL,,,,,T3
CB4.1C,640322,BAY836,TWQM,MAIN,MDDNR,MDDNR,38.82593,-76.39945,2023-03-16,13:36:00,33.3,11.5,16.5,0.5,S,D,S1,PO4F,<,0.0034,MG/L,L01,CBL,,,,,T3
CB4.1C,640342,BAY832,TWQM,MAIN,MDDNR,MDDNR,38.82593,-76.39945,2023-01-10,12:02:00,33.1,0.7,4.5,0.5,S,D,S1,PO4F,,0.0041,MG/L,L01,CBL,,,,,T3
CB4.1C,624768,BAY830,TWQM,MAIN,MDDNR,MDDNR,38.82593,-76.39945,2022-12-06,11:52:00,33.0,,,0.5,S,D,S1,PO4F,<,0.0034,MG/L,L01,CBL,,,,,T3
CB4.1C,624755,BAY828,TWQM,MAIN,MDDNR,MDDNR,38.82593,-76.39945,2022-11-15,12:00:00,32.4,14.5,17.5,0.5,S,D,S1,PO4F,<,0.0034,MG/L,L01,CBL,,,,,T3
CB4.1C,624741,BAY826,TWQM,MAIN,MDDNR,MDDNR,38.82593,-76.39945,2022-10-06,14:40:00,31.5,,,0.5,S,D,S1,PO4F,,0.0118,MG/L,L01,CBL,,,,,T3
CB4.1C,624712,BAY824,TWQM,MAIN,MDDNR,MDDNR,38.82593,-76.39945,2022-09-13,13:12:00,32.0,7.5,16.5,0.5,S,D,S1,PO4F,,0.0081,MG/L,L01,CBL,,,,,T3
CB4.1C,625872,BAY823,TWQM,MAIN,MDDNR,MDDNR,38.82593,-76.39945,2022-08-23,12:51:00,32.0,6.5,15.5,0.5,S,D,S1,PO4F,<,0.0034,MG/L,L01,CBL,,,,,T3
CB4.1C,625871,BAY822,TWQM,MAIN,MDDNR,MDDNR,38.82593,-76.39945,2022-08-09,13:02:00,31.8,13.5,17.5,0.5,S,D,S1,PO4F,,0.0035,MG/L,L01,CBL,,,,,T3
CB4.1C,699303,BAY820,TWQM,MAIN,MDDNR,MDDNR,38.82593,-76.39945,2022-07-13,12:41:00,32.0,5.5,12.5,0.5,S,D,S1,PO4F,<,0.0034,MG/L,L01,CBL,,,,,T3
CB4.1C,621092,BAY819,TWQM,MAIN,MDDNR,MDDNR,38.82593,-76.39945,2022-06-29,12:38:00,32.3,8.5,18.5,0.5,S,D,S1,PO4F,,0.0036,MG/L,L01,CBL,,,,,T3
CB4.1C,621061,BAY817,TWQM,MAIN,MDDNR,MDDNR,38.82593,-76.39945,2022-05-17,13:00:00,32.6,2.5,12.5,0.5,S,D,S1,PO4F,<,0.0034,MG/L,L01,CBL,,,,,T3
CB4.1C,699206,BAY814,TWQM,MAIN,MDDNR,MDDNR,38.82593,-76.39945,2022-04-12,12:42:00,33.5,5.5,13.5,0.5,S,D,S1,PO4F,,0.0042,MG/L,L01,CBL,,,,,T3
CB4.1C,611589,BAY812,TWQM,MAIN,MDDNR,MDDNR,38.82593,-76.39945,2022-03-15,13:29:00,33.2,8.5,16.5,0.5,S,D,S1,PO4F,<,0.0034,MG/L,L01,CBL,,,,,T3
CB4.1C,608274,BAY806,TWQM,MAIN,MDDNR,MDDNR,38.82593,-76.39945,2021-12-08,12:05:00,32.8,,,0.5,S,D,S1,PO4F,<,0.0034,MG/L,L01,CBL,,,,,T3
CB4.1C,608260,BAY805,TWQM,MAIN,MDDNR,MDDNR,38.82593,-76.39945,2021-11-17,11:57:00,32.7,4.5,17.5,0.5,S,D,S1,PO4F,,0.0034,MG/L,L01,CBL,,,,,T3
CB4.1C,608240,BAY802,TWQM,MAIN,MDDNR,MDDNR,38.82593,-76.39945,2021-10-05,12:47:00,32.4,2.5,12.5,0.5,S,D,S1,PO4F,,0.0037,MG/L,L01,CBL,,,,,T3
CB4.1C,785801,BAY900,TWQM,MAIN,MDDNR,MDDNR,38.82593,-76.39945,2025-11-18,15:00:00,30.8,,,0.5,S,D,S1,PP,,0.0111,MG/L,L01,CBL,,,,,T3
CB4.1C,785781,BAY898,TWQM,MAIN,MDDNR,MDDNR,38.82593,-76.39945,2025-10-06,12:29:00,31.0,8.5,14.5,0.5,S,D,S1,PP,,0.015,MG/L,L01,CBL,,,,,T3
CB4.1C,785724,BAY895,TWQM,MAIN,MDDNR,MDDNR,38.82593,-76.39945,2025-08-26,12:27:00,30.4,10.5,19.5,0.5,S,D,S1,PP,,0.015,MG/L,L01,CBL,,,,,T3
CB4.1C,785723,BAY894,TWQM,MAIN,MDDNR,MDDNR,38.82593,-76.39945,2025-08-06,12:20:00,30.8,4.5,13.5,0.5,S,D,S1,PP,,0.0246,MG/L,L01,CBL,,,,,T3
CB4.1C,785680,BAY893,TWQM,MAIN,MDDNR,MDDNR,38.82593,-76.39945,2025-07-21,12:50:00,31.5,3.5,9.5,0.5,S,D,S1,PP,,0.0341,MG/L,L01,CBL,,,,,T3
CB4.1C,785833,BAY890,TWQM,MAIN,MDDNR,MDDNR,38.82593,-76.39945,2025-06-09,16:31:00,31.3,4.5,12.5,0.5,S,D,S1,PP,,0.0147,MG/L,L01,CBL,,,,,T3
CB4.1C,785649,BAY886,TWQM,MAIN,MDDNR,MDDNR,38.82593,-76.39945,2025-04-15,10:56:00,31.0,1.5,20.5,0.5,S,D,S1,PP,,0.0118,MG/L,L01,CBL,,,,,T3
CB4.1C,785611,BAY882,TWQM,MAIN,MDDNR,MDDNR,38.82593,-76.39945,2025-02-04,10:09:00,32.0,3.5,14.5,0.5,S,D,S1,PP,,0.009,MG/L,L01,CBL,,,,,T3
CB4.1C,785597,BAY880,TWQM,MAIN,MDDNR,MDDNR,38.82593,-76.39945,2025-01-13,14:51:00,32.0,,,0.5,S,D,S1,PP,,0.0105,MG/L,L01,CBL,,,,,T3
CB4.1C,691077,BAY875,TWQM,MAIN,MDDNR,MDDNR,38.82593,-76.39945,2024-10-23,12:47:00,31.0,,,0.5,S,D,S1,PP,,0.0159,MG/L,L01,CBL,,,,,T3
CB4.1C,690825,BAY872,TWQM,MAIN,MDDNR,MDDNR,38.82593,-76.39945,2024-09-23,10:41:00,31.0,9.5,21.5,0.5,S,D,S1,PP,,0.0164,MG/L,L01,CBL,,,,,T3
CB4.1C,690640,BAY871,TWQM,MAIN,MDDNR,MDDNR,38.82593,-76.39945,2024-08-27,13:24:00,30.5,7.5,15.5,0.5,S,D,S1,PP,,0.0443,MG/L,L01,CBL,,,,,T3
CB4.1C,691274,BAY868,TWQM,MAIN,MDDNR,MDDNR,38.82593,-76.39945,2024-07-16,13:43:00,30.5,10.5,16.5,0.5,S,D,S1,PP,,0.0198,MG/L,L01,CBL,,,,,T3
CB4.1C,688805,BAY867,TWQM,MAIN,MDDNR,MDDNR,38.82593,-76.39945,2024-06-26,13:41:00,30.6,14.5,21.5,0.5,S,D,S1,PP,,0.0239,MG/L,L01,CBL,,,,,T3
CB4.1C,688778,BAY866,TWQM,MAIN,MDDNR,MDDNR,38.82593,-76.39945,2024-06-04,13:27:00,31.0,6.5,14.5,0.5,S,D,S1,PP,,0.0202,MG/L,L01,CBL,,,,,T3
CB4.1C,678074,BAY864,TWQM,MAIN,MDDNR,MDDNR,38.82593,-76.39945,2024-05-14,13:09:00,32.0,10.5,17.5,0.5,S,D,S1,PP,,0.0184,MG/L,L01,CBL,,,,,T3
CB4.1C,699623,BAY857,TWQM,MAIN,MDDNR,MDDNR,38.82593,-76.39945,2024-01-24,12:09:00,33.1,3.5,13.5,0.5,S,D,S1,PP,,0.039,MG/L,L01,CBL,,,,,T3
CB4.1C,647860,BAY852,TWQM,MAIN,MDDNR,MDDNR,38.82593,-76.39945,2023-11-16,12:11:00,32.5,10.0,21.0,0.5,S,D,S1,PP,,0.0137,MG/L,L01,CBL,,,,,T3
CB4.1C,647720,BAY850,TWQM,MAIN,MDDNR,MDDNR,38.82593,-76.39945,2023-10-05,12:59:00,32.3,,,0.5,S,D,S1,PP,,0.0102,MG/L,L01,CBL,,,,,T3
CB4.1C,670855,BAY848,TWQM,MAIN,MDDNR,MDDNR,38.82593,-76.39945,2023-09-12,13:29:00,32.2,3.5,18.5,0.5,S,D,S1,PP,,0.0212,MG/L,L01,CBL,,,,,T3
CB4.1C,670975,BAY847,TWQM,MAIN,MDDNR,MDDNR,38.82593,-76.39945,2023-08-29,12:54:00,32.2,7.5,17.5,0.5,S,D,S1,PP,,0.0155,MG/L,L01,CBL,,,,,T3
CB4.1C,670930,BAY844,TWQM,MAIN,MDDNR,MDDNR,38.82593,-76.39945,2023-07-11,13:18:00,32.4,3.5,19.5,0.5,S,D,S1,PP,,0.031,MG/L,L01,CBL,,,,,T3
CB4.1C,670886,BAY843,TWQM,MAIN,MDDNR,MDDNR,38.82593,-76.39945,2023-06-27,13:33:00,32.5,6.5,21.5,0.5,S,D,S1,PP,,0.0231,MG/L,L01,CBL,,,,,T3
CB4.1C,670885,BAY842,TWQM,MAIN,MDDNR,MDDNR,38.82593,-76.39945,2023-06-06,12:44:00,32.5,4.5,8.5,0.5,S,D,S1,PP,,0.0195,MG/L,L01,CBL,,,,,T3
CB4.1C,645396,BAY840,TWQM,MAIN,MDDNR,MDDNR,38.82593,-76.39945,2023-05-09,12:49:00,32.8,2.5,15.5,0.5,S,D,S1,PP,,0.0141,MG/L,L01,CBL,,,,,T3
CB4.1C,670574,BAY838,TWQM,MAIN,MDDNR,MDDNR,38.82593,-76.39945,2023-04-11,12:52:00,33.1,7.5,18.5,0.5,S,D,S1,PP,,0.0123,MG/L,L01,CBL,,,,,T3
CB4.1C,640322,BAY836,TWQM,MAIN,MDDNR,MDDNR,38.82593,-76.39945,2023-03-16,13:36:00,33.3,11.5,16.5,0.5,S,D,S1,PP,,0.0159,MG/L,L01,CBL,,,,,T3
CB4.1C,640342,BAY832,TWQM,MAIN,MDDNR,MDDNR,38.82593,-76.39945,2023-01-10,12:02:00,33.1,0.7,4.5,0.5,S,D,S1,PP,,0.0292,MG/L,L01,CBL,,,,,T3
CB4.1C,624768,BAY830,TWQM,MAIN,MDDNR,MDDNR,38.82593,-76.39945,2022-12-06,11:52:00,33.0,,,0.5,S,D,S1,PP,,0.0133,MG/L,L01,CBL,,,,,T3
CB4.1C,624755,BAY828,TWQM,MAIN,MDDNR,MDDNR,38.82593,-76.39945,2022-11-15,12:00:00,32.4,14.5,17.5,0.5,S,D,S1,PP,,0.0089,MG/L,L01,CBL,,,,,T3
CB4.1C,624741,BAY826,TWQM,MAIN,MDDNR,MDDNR,38.82593,-76.39945,2022-10-06,14:40:00,31.5,,,0.5,S,D,S1,PP,,0.0063,MG/L,L01,CBL,,,,,T3
CB4.1C,624712,BAY824,TWQM,MAIN,MDDNR,MDDNR,38.82593,-76.39945,2022-09-13,13:12:00,32.0,7.5,16.5,0.5,S,D,S1,PP,,0.0189,MG/L,L01,CBL,,,,,T3
CB4.1C,625872,BAY823,TWQM,MAIN,MDDNR,MDDNR,38.82593,-76.39945,2022-08-23,12:51:00,32.0,6.5,15.5,0.5,S,D,S1,PP,,0.0184,MG/L,L01,CBL,,,,,T3
CB4.1C,625871,BAY822,TWQM,MAIN,MDDNR,MDDNR,38.82593,-76.39945,2022-08-09,13:02:00,31.8,13.5,17.5,0.5,S,D,S1,PP,,0.0178,MG/L,L01,CBL,,,,,T3
CB4.1C,699303,BAY820,TWQM,MAIN,MDDNR,MDDNR,38.82593,-76.39945,2022-07-13,12:41:00,32.0,5.5,12.5,0.5,S,D,S1,PP,,0.0274,MG/L,L01,CBL,,,,,T3
CB4.1C,621092,BAY819,TWQM,MAIN,MDDNR,MDDNR,38.82593,-76.39945,2022-06-29,12:38:00,32.3,8.5,18.5,0.5,S,D,S1,PP,,0.0226,MG/L,L01,CBL,,,,,T3
CB4.1C,621061,BAY817,TWQM,MAIN,MDDNR,MDDNR,38.82593,-76.39945,2022-05-17,13:00:00,32.6,2.5,12.5,0.5,S,D,S1,PP,,0.0361,MG/L,L01,CBL,,,,,T3
CB4.1C,699206,BAY814,TWQM,MAIN,MDDNR,MDDNR,38.82593,-76.39945,2022-04-12,12:42:00,33.5,5.5,13.5,0.5,S,D,S1,PP,,0.0269,MG/L,L01,CBL,,,,,T3
CB4.1C,611589,BAY812,TWQM,MAIN,MDDNR,MDDNR,38.82593,-76.39945,2022-03-15,13:29:00,33.2,8.5,16.5,0.5,S,D,S1,PP,,0.0182,MG/L,L01,CBL,,,,,T3
CB4.1C,608274,BAY806,TWQM,MAIN,MDDNR,MDDNR,38.82593,-76.39945,2021-12-08,12:05:00,32.8,,,0.5,S,D,S1,PP,,0.0186,MG/L,L01,CBL,,,,,T3
CB4.1C,608260,BAY805,TWQM,MAIN,MDDNR,MDDNR,38.82593,-76.39945,2021-11-17,11:57:00,32.7,4.5,17.5,0.5,S,D,S1,PP,,0.0215,MG/L,L01,CBL,,,,,T3
CB4.1C,608240,BAY802,TWQM,MAIN,MDDNR,MDDNR,38.82593,-76.39945,2021-10-05,12:47:00,32.4,2.5,12.5,0.5,S,D,S1,PP,,0.0215,MG/L,L01,CBL,,,,,T3
CB4.1C,785801,BAY900,TWQM,MAIN,MDDNR,MDDNR,38.82593,-76.39945,2025-11-18,15:00:00,30.8,,,0.5,S,ISM,M1,SALINITY,,16.49,PPT,F01,,,,,,T3
CB4.1C,785781,BAY898,TWQM,MAIN,MDDNR,MDDNR,38.82593,-76.39945,2025-10-06,12:29:00,31.0,8.5,14.5,0.5,S,ISM,M1,SALINITY,,14.93,PPT,F01,,,,,,T3
CB4.1C,785724,BAY895,TWQM,MAIN,MDDNR,MDDNR,38.82593,-76.39945,2025-08-26,12:27:00,30.4,10.5,19.5,0.5,S,ISM,M1,SALINITY,,12.99,PPT,F01,,,,,,T3
CB4.1C,785723,BAY894,TWQM,MAIN,MDDNR,MDDNR,38.82593,-76.39945,2025-08-06,12:20:00,30.8,4.5,13.5,0.5,S,ISM,M1,SALINITY,,9.14,PPT,F01,,,,,,T3
CB4.1C,785680,BAY893,TWQM,MAIN,MDDNR,MDDNR,38.82593,-76.39945,2025-07-21,12:50:00,31.5,3.5,9.5,0.5,S,ISM,M1,SALINITY,,7.81,PPT,F01,,,,,,T3
CB4.1C,785833,BAY890,TWQM,MAIN,MDDNR,MDDNR,38.82593,-76.39945,2025-06-09,16:31:00,31.3,4.5,12.5,0.5,S,ISM,M1,SALINITY,,8.89,PPT,F01,,,,,,T3
CB4.1C,785649,BAY886,TWQM,MAIN,MDDNR,MDDNR,38.82593,-76.39945,2025-04-15,10:56:00,31.0,1.5,20.5,0.5,S,ISM,M1,SALINITY,,9.91,PPT,F01,,,,,,T3
CB4.1C,785611,BAY882,TWQM,MAIN,MDDNR,MDDNR,38.82593,-76.39945,2025-02-04,10:09:00,32.0,3.5,14.5,0.5,S,ISM,M1,SALINITY,,14.8,PPT,F01,,,,,,T3
CB4.1C,785597,BAY880,TWQM,MAIN,MDDNR,MDDNR,38.82593,-76.39945,2025-01-13,14:51:00,32.0,,,0.5,S,ISM,M1,SALINITY,,14.6,PPT,F01,,,,,,T3
CB4.1C,691077,BAY875,TWQM,MAIN,MDDNR,MDDNR,38.82593,-76.39945,2024-10-23,12:47:00,31.0,,,0.5,S,ISM,M1,SALINITY,,15.75,PPT,F01,,,,,,T3
CB4.1C,690825,BAY872,TWQM,MAIN,MDDNR,MDDNR,38.82593,-76.39945,2024-09-23,10:41:00,31.0,9.5,21.5,0.5,S,ISM,M1,SALINITY,,12.93,PPT,F01,,,,,,T3
CB4.1C,690640,BAY871,TWQM,MAIN,MDDNR,MDDNR,38.82593,-76.39945,2024-08-27,13:24:00,30.5,7.5,15.5,0.5,S,ISM,M1,SALINITY,,8.82,PPT,F01,,,,,,T3
CB4.1C,691274,BAY868,TWQM,MAIN,MDDNR,MDDNR,38.82593,-76.39945,2024-07-16,13:43:00,30.5,10.5,16.5,0.5,S,ISM,M1,SALINITY,,8.82,PPT,F01,,,,,,T3
CB4.1C,688805,BAY867,TWQM,MAIN,MDDNR,MDDNR,38.82593,-76.39945,2024-06-26,13:41:00,30.6,14.5,21.5,0.5,S,ISM,M1,SALINITY,,8.63,PPT,F01,,,,,,T3
CB4.1C,688778,BAY866,TWQM,MAIN,MDDNR,MDDNR,38.82593,-76.39945,2024-06-04,13:27:00,31.0,6.5,14.5,0.5,S,ISM,M1,SALINITY,,6.19,PPT,F01,,,,,,T3
CB4.1C,678074,BAY864,TWQM,MAIN,MDDNR,MDDNR,38.82593,-76.39945,2024-05-14,13:09:00,32.0,10.5,17.5,0.5,S,ISM,M1,SALINITY,,6.0,PPT,F01,,,,,,T3
CB4.1C,699623,BAY857,TWQM,MAIN,MDDNR,MDDNR,38.82593,-76.39945,2024-01-24,12:09:00,33.1,3.5,13.5,0.5,S,ISM,M1,SALINITY,,8.69,PPT,F01,,,,,,T3
CB4.1C,647860,BAY852,TWQM,MAIN,MDDNR,MDDNR,38.82593,-76.39945,2023-11-16,12:11:00,32.5,10.0,21.0,0.5,S,ISM,M1,SALINITY,,15.0,PPT,F01,,,,,,T3
CB4.1C,647720,BAY850,TWQM,MAIN,MDDNR,MDDNR,38.82593,-76.39945,2023-10-05,12:59:00,32.3,,,0.5,S,ISM,M1,SALINITY,,16.97,PPT,F01,,,,,,T3
CB4.1C,670855,BAY848,TWQM,MAIN,MDDNR,MDDNR,38.82593,-76.39945,2023-09-12,13:29:00,32.2,3.5,18.5,0.5,S,ISM,M1,SALINITY,,11.87,PPT,F01,,,,,,T3
CB4.1C,670975,BAY847,TWQM,MAIN,MDDNR,MDDNR,38.82593,-76.39945,2023-08-29,12:54:00,32.2,7.5,17.5,0.5,S,ISM,M1,SALINITY,,12.93,PPT,F01,,,,,,T3
CB4.1C,670930,BAY844,TWQM,MAIN,MDDNR,MDDNR,38.82593,-76.39945,2023-07-11,13:18:00,32.4,3.5,19.5,0.5,S,ISM,M1,SALINITY,,13.46,PPT,F01,,,,,,T3
CB4.1C,670886,BAY843,TWQM,MAIN,MDDNR,MDDNR,38.82593,-76.39945,2023-06-27,13:33:00,32.5,6.5,21.5,0.5,S,ISM,M1,SALINITY,,13.79,PPT,F01,,,,,,T3
CB4.1C,670885,BAY842,TWQM,MAIN,MDDNR,MDDNR,38.82593,-76.39945,2023-06-06,12:44:00,32.5,4.5,8.5,0.5,S,ISM,M1,SALINITY,,11.61,PPT,F01,,,,,,T3
CB4.1C,645396,BAY840,TWQM,MAIN,MDDNR,MDDNR,38.82593,-76.39945,2023-05-09,12:49:00,32.8,2.5,15.5,0.5,S,ISM,M1,SALINITY,,9.01,PPT,F01,,,,,,T3
CB4.1C,670574,BAY838,TWQM,MAIN,MDDNR,MDDNR,38.82593,-76.39945,2023-04-11,12:52:00,33.1,7.5,18.5,0.5,S,ISM,M1,SALINITY,,11.74,PPT,F01,,,,,,T3
CB4.1C,640322,BAY836,TWQM,MAIN,MDDNR,MDDNR,38.82593,-76.39945,2023-03-16,13:36:00,33.3,11.5,16.5,0.5,S,ISM,M1,SALINITY,,12.79,PPT,F01,,,,,,T3
CB4.1C,640342,BAY832,TWQM,MAIN,MDDNR,MDDNR,38.82593,-76.39945,2023-01-10,12:02:00,33.1,0.7,4.5,0.5,S,ISM,M1,SALINITY,,9.59,PPT,F01,,,,,,T3
CB4.1C,624768,BAY830,TWQM,MAIN,MDDNR,MDDNR,38.82593,-76.39945,2022-12-06,11:52:00,33.0,,,0.5,S,ISM,M1,SALINITY,,16.49,PPT,F01,,,,,,T3
CB4.1C,624755,BAY828,TWQM,MAIN,MDDNR,MDDNR,38.82593,-76.39945,2022-11-15,12:00:00,32.4,14.5,17.5,0.5,S,ISM,M1,SALINITY,,17.25,PPT,F01,,,,,,T3
CB4.1C,624741,BAY826,TWQM,MAIN,MDDNR,MDDNR,38.82593,-76.39945,2022-10-06,14:40:00,31.5,,,0.5,S,ISM,M1,SALINITY,,16.49,PPT,F01,,,,,,T3
CB4.1C,624712,BAY824,TWQM,MAIN,MDDNR,MDDNR,38.82593,-76.39945,2022-09-13,13:12:00,32.0,7.5,16.5,0.5,S,ISM,M1,SALINITY,,14.46,PPT,F01,,,,,,T3
CB4.1C,625872,BAY823,TWQM,MAIN,MDDNR,MDDNR,38.82593,-76.39945,2022-08-23,12:51:00,32.0,6.5,15.5,0.5,S,ISM,M1,SALINITY,,13.33,PPT,F01,,,,,,T3
CB4.1C,625871,BAY822,TWQM,MAIN,MDDNR,MDDNR,38.82593,-76.39945,2022-08-09,13:02:00,31.8,13.5,17.5,0.5,S,ISM,M1,SALINITY,,12.26,PPT,F01,,,,,,T3
CB4.1C,699303,BAY820,TWQM,MAIN,MDDNR,MDDNR,38.82593,-76.39945,2022-07-13,12:41:00,32.0,5.5,12.5,0.5,S,ISM,M1,SALINITY,,10.43,PPT,F01,,,,,,T3
CB4.1C,621092,BAY819,TWQM,MAIN,MDDNR,MDDNR,38.82593,-76.39945,2022-06-29,12:38:00,32.3,8.5,18.5,0.5,S,ISM,M1,SALINITY,,10.37,PPT,F01,,,,,,T3
CB4.1C,621061,BAY817,TWQM,MAIN,MDDNR,MDDNR,38.82593,-76.39945,2022-05-17,13:00:00,32.6,2.5,12.5,0.5,S,ISM,M1,SALINITY,,6.49,PPT,F01,,,,,,T3
CB4.1C,699206,BAY814,TWQM,MAIN,MDDNR,MDDNR,38.82593,-76.39945,2022-04-12,12:42:00,33.5,5.5,13.5,0.5,S,ISM,M1,SALINITY,,8.5,PPT,F01,,,,,,T3
CB4.1C,611589,BAY812,TWQM,MAIN,MDDNR,MDDNR,38.82593,-76.39945,2022-03-15,13:29:00,33.2,8.5,16.5,0.5,S,ISM,M1,SALINITY,,9.33,PPT,F01,,,,,,T3
CB4.1C,608274,BAY806,TWQM,MAIN,MDDNR,MDDNR,38.82593,-76.39945,2021-12-08,12:05:00,32.8,,,0.5,S,ISM,M1,SALINITY,,11.87,PPT,F01,,,,,,T3
CB4.1C,608260,BAY805,TWQM,MAIN,MDDNR,MDDNR,38.82593,-76.39945,2021-11-17,11:57:00,32.7,4.5,17.5,0.5,S,ISM,M1,SALINITY,,9.33,PPT,F01,,,,,,T3
CB4.1C,608240,BAY802,TWQM,MAIN,MDDNR,MDDNR,38.82593,-76.39945,2021-10-05,12:47:00,32.4,2.5,12.5,0.5,S,ISM,M1,SALINITY,,8.31,PPT,F01,,,,,,T3
CB4.1C,785801,BAY900,TWQM,MAIN,MDDNR,MDDNR,38.82593,-76.39945,2025-11-18,15:00:00,30.8,,,0.5,S,ISM,M1,SECCHI,,2.6,M,F01,,,,,,T3
CB4.1C,785781,BAY898,TWQM,MAIN,MDDNR,MDDNR,38.82593,-76.39945,2025-10-06,12:29:00,31.0,8.5,14.5,0.5,S,ISM,M1,SECCHI,,1.5,M,F01,,,,,,T3
CB4.1C,785724,BAY895,TWQM,MAIN,MDDNR,MDDNR,38.82593,-76.39945,2025-08-26,12:27:00,30.4,10.5,19.5,0.5,S,ISM,M1,SECCHI,,1.7,M,F01,,,,,,T3
CB4.1C,785723,BAY894,TWQM,MAIN,MDDNR,MDDNR,38.82593,-76.39945,2025-08-06,12:20:00,30.8,4.5,13.5,0.5,S,ISM,M1,SECCHI,,1.4,M,F01,,,,,,T3
CB4.1C,785680,BAY893,TWQM,MAIN,MDDNR,MDDNR,38.82593,-76.39945,2025-07-21,12:50:00,31.5,3.5,9.5,0.5,S,ISM,M1,SECCHI,,1.0,M,F01,,,,,,T3
CB4.1C,785833,BAY890,TWQM,MAIN,MDDNR,MDDNR,38.82593,-76.39945,2025-06-09,16:31:00,31.3,4.5,12.5,0.5,S,ISM,M1,SECCHI,,1.2,M,F01,,,,,,T3
CB4.1C,785649,BAY886,TWQM,MAIN,MDDNR,MDDNR,38.82593,-76.39945,2025-04-15,10:56:00,31.0,1.5,20.5,0.5,S,ISM,M1,SECCHI,,1.8,M,F01,,,,,,T3
CB4.1C,785611,BAY882,TWQM,MAIN,MDDNR,MDDNR,38.82593,-76.39945,2025-02-04,10:09:00,32.0,3.5,14.5,0.5,S,ISM,M1,SECCHI,,2.0,M,F01,,,,,,T3
CB4.1C,785597,BAY880,TWQM,MAIN,MDDNR,MDDNR,38.82593,-76.39945,2025-01-13,14:51:00,32.0,,,0.5,S,ISM,M1,SECCHI,,1.5,M,F01,,,,,,T3
CB4.1C,691077,BAY875,TWQM,MAIN,MDDNR,MDDNR,38.82593,-76.39945,2024-10-23,12:47:00,31.0,,,0.5,S,ISM,M1,SECCHI,,1.4,M,F01,,,,,,T3
CB4.1C,690825,BAY872,TWQM,MAIN,MDDNR,MDDNR,38.82593,-76.39945,2024-09-23,10:41:00,31.0,9.5,21.5,0.5,S,ISM,M1,SECCHI,,1.5,M,F01,,,,,,T3
CB4.1C,690640,BAY871,TWQM,MAIN,MDDNR,MDDNR,38.82593,-76.39945,2024-08-27,13:24:00,30.5,7.5,15.5,0.5,S,ISM,M1,SECCHI,,0.7,M,F01,,,,,,T3
CB4.1C,691274,BAY868,TWQM,MAIN,MDDNR,MDDNR,38.82593,-76.39945,2024-07-16,13:43:00,30.5,10.5,16.5,0.5,S,ISM,M1,SECCHI,,1.2,M,F01,,,,,,T3
CB4.1C,688805,BAY867,TWQM,MAIN,MDDNR,MDDNR,38.82593,-76.39945,2024-06-26,13:41:00,30.6,14.5,21.5,0.5,S,ISM,M1,SECCHI,,1.0,M,F01,,,,,,T3
CB4.1C,688778,BAY866,TWQM,MAIN,MDDNR,MDDNR,38.82593,-76.39945,2024-06-04,13:27:00,31.0,6.5,14.5,0.5,S,ISM,M1,SECCHI,,1.7,M,F01,,,,,,T3
CB4.1C,678074,BAY864,TWQM,MAIN,MDDNR,MDDNR,38.82593,-76.39945,2024-05-14,13:09:00,32.0,10.5,17.5,0.5,S,ISM,M1,SECCHI,,1.4,M,F01,,,,,,T3
CB4.1C,699623,BAY857,TWQM,MAIN,MDDNR,MDDNR,38.82593,-76.39945,2024-01-24,12:09:00,33.1,3.5,13.5,0.5,S,ISM,M1,SECCHI,,0.7,M,F01,,,,,,T3
CB4.1C,647860,BAY852,TWQM,MAIN,MDDNR,MDDNR,38.82593,-76.39945,2023-11-16,12:11:00,32.5,10.0,21.0,0.5,S,ISM,M1,SECCHI,,1.8,M,F01,,,,,,T3
CB4.1C,647720,BAY850,TWQM,MAIN,MDDNR,MDDNR,38.82593,-76.39945,2023-10-05,12:59:00,32.3,,,0.5,S,ISM,M1,SECCHI,,1.1,M,F01,,,,,,T3
CB4.1C,670855,BAY848,TWQM,MAIN,MDDNR,MDDNR,38.82593,-76.39945,2023-09-12,13:29:00,32.2,3.5,18.5,0.5,S,ISM,M1,SECCHI,,1.1,M,F01,,,,,,T3
CB4.1C,670975,BAY847,TWQM,MAIN,MDDNR,MDDNR,38.82593,-76.39945,2023-08-29,12:54:00,32.2,7.5,17.5,0.5,S,ISM,M1,SECCHI,,1.5,M,F01,,,,,,T3
CB4.1C,670930,BAY844,TWQM,MAIN,MDDNR,MDDNR,38.82593,-76.39945,2023-07-11,13:18:00,32.4,3.5,19.5,0.5,S,ISM,M1,SECCHI,,1.3,M,F01,,,,,,T3
CB4.1C,670886,BAY843,TWQM,MAIN,MDDNR,MDDNR,38.82593,-76.39945,2023-06-27,13:33:00,32.5,6.5,21.5,0.5,S,ISM,M1,SECCHI,,1.2,M,F01,,,,,,T3
CB4.1C,670885,BAY842,TWQM,MAIN,MDDNR,MDDNR,38.82593,-76.39945,2023-06-06,12:44:00,32.5,4.5,8.5,0.5,S,ISM,M1,SECCHI,,1.4,M,F01,,,,,,T3
CB4.1C,645396,BAY840,TWQM,MAIN,MDDNR,MDDNR,38.82593,-76.39945,2023-05-09,12:49:00,32.8,2.5,15.5,0.5,S,ISM,M1,SECCHI,,1.6,M,F01,,,,,,T3
CB4.1C,670574,BAY838,TWQM,MAIN,MDDNR,MDDNR,38.82593,-76.39945,2023-04-11,12:52:00,33.1,7.5,18.5,0.5,S,ISM,M1,SECCHI,,2.2,M,F01,,,,,,T3
CB4.1C,640322,BAY836,TWQM,MAIN,MDDNR,MDDNR,38.82593,-76.39945,2023-03-16,13:36:00,33.3,11.5,16.5,0.5,S,ISM,M1,SECCHI,,1.5,M,F01,,,,,,T3
CB4.1C,640342,BAY832,TWQM,MAIN,MDDNR,MDDNR,38.82593,-76.39945,2023-01-10,12:02:00,33.1,0.7,4.5,0.5,S,ISM,M1,SECCHI,,1.4,M,F01,,,,,,T3
CB4.1C,624768,BAY830,TWQM,MAIN,MDDNR,MDDNR,38.82593,-76.39945,2022-12-06,11:52:00,33.0,,,0.5,S,ISM,M1,SECCHI,,1.2,M,F01,,,,,,T3
CB4.1C,624755,BAY828,TWQM,MAIN,MDDNR,MDDNR,38.82593,-76.39945,2022-11-15,12:00:00,32.4,14.5,17.5,0.5,S,ISM,M1,SECCHI,,2.1,M,F01,,,,,,T3
CB4.1C,624741,BAY826,TWQM,MAIN,MDDNR,MDDNR,38.82593,-76.39945,2022-10-06,14:40:00,31.5,,,0.5,S,ISM,M1,SECCHI,,1.6,M,F01,,,,,,T3
CB4.1C,624712,BAY824,TWQM,MAIN,MDDNR,MDDNR,38.82593,-76.39945,2022-09-13,13:12:00,32.0,7.5,16.5,0.5,S,ISM,M1,SECCHI,,1.0,M,F01,,,,,,T3
CB4.1C,625872,BAY823,TWQM,MAIN,MDDNR,MDDNR,38.82593,-76.39945,2022-08-23,12:51:00,32.0,6.5,15.5,0.5,S,ISM,M1,SECCHI,,1.4,M,F01,,,,,,T3
CB4.1C,625871,BAY822,TWQM,MAIN,MDDNR,MDDNR,38.82593,-76.39945,2022-08-09,13:02:00,31.8,13.5,17.5,0.5,S,ISM,M1,SECCHI,,1.2,M,F01,,,,,,T3
CB4.1C,699303,BAY820,TWQM,MAIN,MDDNR,MDDNR,38.82593,-76.39945,2022-07-13,12:41:00,32.0,5.5,12.5,0.5,S,ISM,M1,SECCHI,,1.2,M,F01,,,,,,T3
CB4.1C,621092,BAY819,TWQM,MAIN,MDDNR,MDDNR,38.82593,-76.39945,2022-06-29,12:38:00,32.3,8.5,18.5,0.5,S,ISM,M1,SECCHI,,1.3,M,F01,,,,,,T3
CB4.1C,621061,BAY817,TWQM,MAIN,MDDNR,MDDNR,38.82593,-76.39945,2022-05-17,13:00:00,32.6,2.5,12.5,0.5,S,ISM,M1,SECCHI,,1.4,M,F01,,,,,,T3
CB4.1C,699206,BAY814,TWQM,MAIN,MDDNR,MDDNR,38.82593,-76.39945,2022-04-12,12:42:00,33.5,5.5,13.5,0.5,S,ISM,M1,SECCHI,,1.0,M,F01,,,,,,T3
CB4.1C,611589,BAY812,TWQM,MAIN,MDDNR,MDDNR,38.82593,-76.39945,2022-03-15,13:29:00,33.2,8.5,16.5,0.5,S,ISM,M1,SECCHI,,1.2,M,F01,,,,,,T3
CB4.1C,608274,BAY806,TWQM,MAIN,MDDNR,MDDNR,38.82593,-76.39945,2021-12-08,12:05:00,32.8,,,0.5,S,ISM,M1,SECCHI,,1.6,M,F01,,,,,,T3
CB4.1C,608260,BAY805,TWQM,MAIN,MDDNR,MDDNR,38.82593,-76.39945,2021-11-17,11:57:00,32.7,4.5,17.5,0.5,S,ISM,M1,SECCHI,,1.6,M,F01,,,,,,T3
CB4.1C,608240,BAY802,TWQM,MAIN,MDDNR,MDDNR,38.82593,-76.39945,2021-10-05,12:47:00,32.4,2.5,12.5,0.5,S,ISM,M1,SECCHI,,1.4,M,F01,,,,,,T3
CB4.1C,785801,BAY900,TWQM,MAIN,MDDNR,MDDNR,38.82593,-76.39945,2025-11-18,15:00:00,30.8,,,0.5,S,ISM,M1,SIGMA_T,,12.44172,NONE,D01,,,,,,T3
CB4.1C,785781,BAY898,TWQM,MAIN,MDDNR,MDDNR,38.82593,-76.39945,2025-10-06,12:29:00,31.0,8.5,14.5,0.5,S,ISM,M1,SIGMA_T,,9.08252,NONE,D01,,,,,,T3
CB4.1C,785724,BAY895,TWQM,MAIN,MDDNR,MDDNR,38.82593,-76.39945,2025-08-26,12:27:00,30.4,10.5,19.5,0.5,S,ISM,M1,SIGMA_T,,6.76543,NONE,D01,,,,,,T3
CB4.1C,785723,BAY894,TWQM,MAIN,MDDNR,MDDNR,38.82593,-76.39945,2025-08-06,12:20:00,30.8,4.5,13.5,0.5,S,ISM,M1,SIGMA_T,,3.59102,NONE,D01,,,,,,T3
CB4.1C,785680,BAY893,TWQM,MAIN,MDDNR,MDDNR,38.82593,-76.39945,2025-07-21,12:50:00,31.5,3.5,9.5,0.5,S,ISM,M1,SIGMA_T,,2.03978,NONE,D01,,,,,,T3
CB4.1C,785833,BAY890,TWQM,MAIN,MDDNR,MDDNR,38.82593,-76.39945,2025-06-09,16:31:00,31.3,4.5,12.5,0.5,S,ISM,M1,SIGMA_T,,4.4147,NONE,D01,,,,,,T3
CB4.1C,785649,BAY886,TWQM,MAIN,MDDNR,MDDNR,38.82593,-76.39945,2025-04-15,10:56:00,31.0,1.5,20.5,0.5,S,ISM,M1,SIGMA_T,,7.34682,NONE,D01,,,,,,T3
CB4.1C,785611,BAY882,TWQM,MAIN,MDDNR,MDDNR,38.82593,-76.39945,2025-02-04,10:09:00,32.0,3.5,14.5,0.5,S,ISM,M1,SIGMA_T,,11.91718,NONE,D01,,,,,,T3
CB4.1C,785597,BAY880,TWQM,MAIN,MDDNR,MDDNR,38.82593,-76.39945,2025-01-13,14:51:00,32.0,,,0.5,S,ISM,M1,SIGMA_T,,11.76012,NONE,D01,,,,,,T3
CB4.1C,691077,BAY875,TWQM,MAIN,MDDNR,MDDNR,38.82593,-76.39945,2024-10-23,12:47:00,31.0,,,0.5,S,ISM,M1,SIGMA_T,,10.58147,NONE,D01,,,,,,T3
CB4.1C,690825,BAY872,TWQM,MAIN,MDDNR,MDDNR,38.82593,-76.39945,2024-09-23,10:41:00,31.0,9.5,21.5,0.5,S,ISM,M1,SIGMA_T,,7.34082,NONE,D01,,,,,,T3
CB4.1C,690640,BAY871,TWQM,MAIN,MDDNR,MDDNR,38.82593,-76.39945,2024-08-27,13:24:00,30.5,7.5,15.5,0.5,S,ISM,M1,SIGMA_T,,3.40722,NONE,D01,,,,,,T3
CB4.1C,691274,BAY868,TWQM,MAIN,MDDNR,MDDNR,38.82593,-76.39945,2024-07-16,13:43:00,30.5,10.5,16.5,0.5,S,ISM,M1,SIGMA_T,,2.55268,NONE,D01,,,,,,T3
CB4.1C,688805,BAY867,TWQM,MAIN,MDDNR,MDDNR,38.82593,-76.39945,2024-06-26,13:41:00,30.6,14.5,21.5,0.5,S,ISM,M1,SIGMA_T,,3.06523,NONE,D01,,,,,,T3
CB4.1C,688778,BAY866,TWQM,MAIN,MDDNR,MDDNR,38.82593,-76.39945,2024-06-04,13:27:00,31.0,6.5,14.5,0.5,S,ISM,M1,SIGMA_T,,1.91554,NONE,D01,,,,,,T3
CB4.1C,678074,BAY864,TWQM,MAIN,MDDNR,MDDNR,38.82593,-76.39945,2024-05-14,13:09:00,32.0,10.5,17.5,0.5,S,ISM,M1,SIGMA_T,,3.39726,NONE,D01,,,,,,T3
CB4.1C,699623,BAY857,TWQM,MAIN,MDDNR,MDDNR,38.82593,-76.39945,2024-01-24,12:09:00,33.1,3.5,13.5,0.5,S,ISM,M1,SIGMA_T,,7.01065,NONE,D01,,,,,,T3
CB4.1C,647860,BAY852,TWQM,MAIN,MDDNR,MDDNR,38.82593,-76.39945,2023-11-16,12:11:00,32.5,10.0,21.0,0.5,S,ISM,M1,SIGMA_T,,10.99145,NONE,D01,,,,,,T3
CB4.1C,647720,BAY850,TWQM,MAIN,MDDNR,MDDNR,38.82593,-76.39945,2023-10-05,12:59:00,32.3,,,0.5,S,ISM,M1,SIGMA_T,,10.75184,NONE,D01,,,,,,T3
CB4.1C,670855,BAY848,TWQM,MAIN,MDDNR,MDDNR,38.82593,-76.39945,2023-09-12,13:29:00,32.2,3.5,18.5,0.5,S,ISM,M1,SIGMA_T,,5.13834,NONE,D01,,,,,,T3
CB4.1C,670975,BAY847,TWQM,MAIN,MDDNR,MDDNR,38.82593,-76.39945,2023-08-29,12:54:00,32.2,7.5,17.5,0.5,S,ISM,M1,SIGMA_T,,6.46449,NONE,D01,,,,,,T3
CB4.1C,670930,BAY844,TWQM,MAIN,MDDNR,MDDNR,38.82593,-76.39945,2023-07-11,13:18:00,32.4,3.5,19.5,0.5,S,ISM,M1,SIGMA_T,,7.03396,NONE,D01,,,,,,T3
CB4.1C,670886,BAY843,TWQM,MAIN,MDDNR,MDDNR,38.82593,-76.39945,2023-06-27,13:33:00,32.5,6.5,21.5,0.5,S,ISM,M1,SIGMA_T,,7.67076,NONE,D01,,,,,,T3
CB4.1C,670885,BAY842,TWQM,MAIN,MDDNR,MDDNR,38.82593,-76.39945,2023-06-06,12:44:00,32.5,4.5,8.5,0.5,S,ISM,M1,SIGMA_T,,6.76788,NONE,D01,,,,,,T3
CB4.1C,645396,BAY840,TWQM,MAIN,MDDNR,MDDNR,38.82593,-76.39945,2023-05-09,12:49:00,32.8,2.5,15.5,0.5,S,ISM,M1,SIGMA_T,,5.92964,NONE,D01,,,,,,T3
CB4.1C,670574,BAY838,TWQM,MAIN,MDDNR,MDDNR,38.82593,-76.39945,2023-04-11,12:52:00,33.1,7.5,18.5,0.5,S,ISM,M1,SIGMA_T,,8.64224,NONE,D01,,,,,,T3
CB4.1C,640322,BAY836,TWQM,MAIN,MDDNR,MDDNR,38.82593,-76.39945,2023-03-16,13:36:00,33.3,11.5,16.5,0.5,S,ISM,M1,SIGMA_T,,10.09146,NONE,D01,,,,,,T3
CB4.1C,640342,BAY832,TWQM,MAIN,MDDNR,MDDNR,38.82593,-76.39945,2023-01-10,12:02:00,33.1,0.7,4.5,0.5,S,ISM,M1,SIGMA_T,,7.6706,NONE,D01,,,,,,T3
CB4.1C,624768,BAY830,TWQM,MAIN,MDDNR,MDDNR,38.82593,-76.39945,2022-12-06,11:52:00,33.0,,,0.5,S,ISM,M1,SIGMA_T,,12.68889,NONE,D01,,,,,,T3
CB4.1C,624755,BAY828,TWQM,MAIN,MDDNR,MDDNR,38.82593,-76.39945,2022-11-15,12:00:00,32.4,14.5,17.5,0.5,S,ISM,M1,SIGMA_T,,12.47868,NONE,D01,,,,,,T3
CB4.1C,624741,BAY826,TWQM,MAIN,MDDNR,MDDNR,38.82593,-76.39945,2022-10-06,14:40:00,31.5,,,0.5,S,ISM,M1,SIGMA_T,,11.25452,NONE,D01,,,,,,T3
CB4.1C,624712,BAY824,TWQM,MAIN,MDDNR,MDDNR,38.82593,-76.39945,2022-09-13,13:12:00,32.0,7.5,16.5,0.5,S,ISM,M1,SIGMA_T,,7.72784,NONE,D01,,,,,,T3
CB4.1C,625872,BAY823,TWQM,MAIN,MDDNR,MDDNR,38.82593,-76.39945,2022-08-23,12:51:00,32.0,6.5,15.5,0.5,S,ISM,M1,SIGMA_T,,6.47138,NONE,D01,,,,,,T3
CB4.1C,625871,BAY822,TWQM,MAIN,MDDNR,MDDNR,38.82593,-76.39945,2022-08-09,13:02:00,31.8,13.5,17.5,0.5,S,ISM,M1,SIGMA_T,,5.24658,NONE,D01,,,,,,T3
CB4.1C,699303,BAY820,TWQM,MAIN,MDDNR,MDDNR,38.82593,-76.39945,2022-07-13,12:41:00,32.0,5.5,12.5,0.5,S,ISM,M1,SIGMA_T,,4.61654,NONE,D01,,,,,,T3
CB4.1C,621092,BAY819,TWQM,MAIN,MDDNR,MDDNR,38.82593,-76.39945,2022-06-29,12:38:00,32.3,8.5,18.5,0.5,S,ISM,M1,SIGMA_T,,5.20037,NONE,D01,,,,,,T3
CB4.1C,621061,BAY817,TWQM,MAIN,MDDNR,MDDNR,38.82593,-76.39945,2022-05-17,13:00:00,32.6,2.5,12.5,0.5,S,ISM,M1,SIGMA_T,,3.61785,NONE,D01,,,,,,T3
CB4.1C,699206,BAY814,TWQM,MAIN,MDDNR,MDDNR,38.82593,-76.39945,2022-04-12,12:42:00,33.5,5.5,13.5,0.5,S,ISM,M1,SIGMA_T,,6.39514,NONE,D01,,,,,,T3
CB4.1C,611589,BAY812,TWQM,MAIN,MDDNR,MDDNR,38.82593,-76.39945,2022-03-15,13:29:00,33.2,8.5,16.5,0.5,S,ISM,M1,SIGMA_T,,7.38314,NONE,D01,,,,,,T3
CB4.1C,608274,BAY806,TWQM,MAIN,MDDNR,MDDNR,38.82593,-76.39945,2021-12-08,12:05:00,32.8,,,0.5,S,ISM,M1,SIGMA_T,,9.15105,NONE,D01,,,,,,T3
CB4.1C,608260,BAY805,TWQM,MAIN,MDDNR,MDDNR,38.82593,-76.39945,2021-11-17,11:57:00,32.7,4.5,17.5,0.5,S,ISM,M1,SIGMA_T,,6.71673,NONE,D01,,,,,,T3
CB4.1C,608240,BAY802,TWQM,MAIN,MDDNR,MDDNR,38.82593,-76.39945,2021-10-05,12:47:00,32.4,2.5,12.5,0.5,S,ISM,M1,SIGMA_T,,3.82561,NONE,D01,,,,,,T3
CB4.1C,785801,BAY900,TWQM,MAIN,MDDNR,MDDNR,38.82593,-76.39945,2025-11-18,15:00:00,30.8,,,0.5,S,ISM,M1,SPCOND,,27100.0,UMHOS/CM,F01,,,,,,T3
CB4.1C,785781,BAY898,TWQM,MAIN,MDDNR,MDDNR,38.82593,-76.39945,2025-10-06,12:29:00,31.0,8.5,14.5,0.5,S,ISM,M1,SPCOND,,24800.0,UMHOS/CM,F01,,,,,,T3
CB4.1C,785724,BAY895,TWQM,MAIN,MDDNR,MDDNR,38.82593,-76.39945,2025-08-26,12:27:00,30.4,10.5,19.5,0.5,S,ISM,M1,SPCOND,,21900.0,UMHOS/CM,F01,,,,,,T3
CB4.1C,785723,BAY894,TWQM,MAIN,MDDNR,MDDNR,38.82593,-76.39945,2025-08-06,12:20:00,30.8,4.5,13.5,0.5,S,ISM,M1,SPCOND,,16000.0,UMHOS/CM,F01,,,,,,T3
CB4.1C,785680,BAY893,TWQM,MAIN,MDDNR,MDDNR,38.82593,-76.39945,2025-07-21,12:50:00,31.5,3.5,9.5,0.5,S,ISM,M1,SPCOND,,13900.0,UMHOS/CM,F01,,,,,,T3
CB4.1C,785833,BAY890,TWQM,MAIN,MDDNR,MDDNR,38.82593,-76.39945,2025-06-09,16:31:00,31.3,4.5,12.5,0.5,S,ISM,M1,SPCOND,,15600.0,UMHOS/CM,F01,,,,,,T3
CB4.1C,785649,BAY886,TWQM,MAIN,MDDNR,MDDNR,38.82593,-76.39945,2025-04-15,10:56:00,31.0,1.5,20.5,0.5,S,ISM,M1,SPCOND,,17200.0,UMHOS/CM,F01,,,,,,T3
CB4.1C,785611,BAY882,TWQM,MAIN,MDDNR,MDDNR,38.82593,-76.39945,2025-02-04,10:09:00,32.0,3.5,14.5,0.5,S,ISM,M1,SPCOND,,24600.0,UMHOS/CM,F01,,,,,,T3
CB4.1C,785597,BAY880,TWQM,MAIN,MDDNR,MDDNR,38.82593,-76.39945,2025-01-13,14:51:00,32.0,,,0.5,S,ISM,M1,SPCOND,,24300.0,UMHOS/CM,F01,,,,,,T3
CB4.1C,691077,BAY875,TWQM,MAIN,MDDNR,MDDNR,38.82593,-76.39945,2024-10-23,12:47:00,31.0,,,0.5,S,ISM,M1,SPCOND,,26000.0,UMHOS/CM,F01,,,,,,T3
CB4.1C,690825,BAY872,TWQM,MAIN,MDDNR,MDDNR,38.82593,-76.39945,2024-09-23,10:41:00,31.0,9.5,21.5,0.5,S,ISM,M1,SPCOND,,21800.0,UMHOS/CM,F01,,,,,,T3
CB4.1C,690640,BAY871,TWQM,MAIN,MDDNR,MDDNR,38.82593,-76.39945,2024-08-27,13:24:00,30.5,7.5,15.5,0.5,S,ISM,M1,SPCOND,,15500.0,UMHOS/CM,F01,,,,,,T3
CB4.1C,691274,BAY868,TWQM,MAIN,MDDNR,MDDNR,38.82593,-76.39945,2024-07-16,13:43:00,30.5,10.5,16.5,0.5,S,ISM,M1,SPCOND,,15500.0,UMHOS/CM,F01,,,,,,T3
CB4.1C,688805,BAY867,TWQM,MAIN,MDDNR,MDDNR,38.82593,-76.39945,2024-06-26,13:41:00,30.6,14.5,21.5,0.5,S,ISM,M1,SPCOND,,15200.0,UMHOS/CM,F01,,,,,,T3
CB4.1C,688778,BAY866,TWQM,MAIN,MDDNR,MDDNR,38.82593,-76.39945,2024-06-04,13:27:00,31.0,6.5,14.5,0.5,S,ISM,M1,SPCOND,,11300.0,UMHOS/CM,F01,,,,,,T3
CB4.1C,678074,BAY864,TWQM,MAIN,MDDNR,MDDNR,38.82593,-76.39945,2024-05-14,13:09:00,32.0,10.5,17.5,0.5,S,ISM,M1,SPCOND,,11000.0,UMHOS/CM,F01,,,,,,T3
CB4.1C,699623,BAY857,TWQM,MAIN,MDDNR,MDDNR,38.82593,-76.39945,2024-01-24,12:09:00,33.1,3.5,13.5,0.5,S,ISM,M1,SPCOND,,15300.0,UMHOS/CM,F01,,,,,,T3
CB4.1C,647860,BAY852,TWQM,MAIN,MDDNR,MDDNR,38.82593,-76.39945,2023-11-16,12:11:00,32.5,10.0,21.0,0.5,S,ISM,M1,SPCOND,,24900.0,UMHOS/CM,F01,,,,,,T3
CB4.1C,647720,BAY850,TWQM,MAIN,MDDNR,MDDNR,38.82593,-76.39945,2023-10-05,12:59:00,32.3,,,0.5,S,ISM,M1,SPCOND,,27800.0,UMHOS/CM,F01,,,,,,T3
CB4.1C,670855,BAY848,TWQM,MAIN,MDDNR,MDDNR,38.82593,-76.39945,2023-09-12,13:29:00,32.2,3.5,18.5,0.5,S,ISM,M1,SPCOND,,20200.0,UMHOS/CM,F01,,,,,,T3
CB4.1C,670975,BAY847,TWQM,MAIN,MDDNR,MDDNR,38.82593,-76.39945,2023-08-29,12:54:00,32.2,7.5,17.5,0.5,S,ISM,M1,SPCOND,,21800.0,UMHOS/CM,F01,,,,,,T3
CB4.1C,670930,BAY844,TWQM,MAIN,MDDNR,MDDNR,38.82593,-76.39945,2023-07-11,13:18:00,32.4,3.5,19.5,0.5,S,ISM,M1,SPCOND,,22600.0,UMHOS/CM,F01,,,,,,T3
CB4.1C,670886,BAY843,TWQM,MAIN,MDDNR,MDDNR,38.82593,-76.39945,2023-06-27,13:33:00,32.5,6.5,21.5,0.5,S,ISM,M1,SPCOND,,23100.0,UMHOS/CM,F01,,,,,,T3
CB4.1C,670885,BAY842,TWQM,MAIN,MDDNR,MDDNR,38.82593,-76.39945,2023-06-06,12:44:00,32.5,4.5,8.5,0.5,S,ISM,M1,SPCOND,,19800.0,UMHOS/CM,F01,,,,,,T3
CB4.1C,645396,BAY840,TWQM,MAIN,MDDNR,MDDNR,38.82593,-76.39945,2023-05-09,12:49:00,32.8,2.5,15.5,0.5,S,ISM,M1,SPCOND,,15800.0,UMHOS/CM,F01,,,,,,T3
CB4.1C,670574,BAY838,TWQM,MAIN,MDDNR,MDDNR,38.82593,-76.39945,2023-04-11,12:52:00,33.1,7.5,18.5,0.5,S,ISM,M1,SPCOND,,20000.0,UMHOS/CM,F01,,,,,,T3
CB4.1C,640322,BAY836,TWQM,MAIN,MDDNR,MDDNR,38.82593,-76.39945,2023-03-16,13:36:00,33.3,11.5,16.5,0.5,S,ISM,M1,SPCOND,,21600.0,UMHOS/CM,F01,,,,,,T3
CB4.1C,640342,BAY832,TWQM,MAIN,MDDNR,MDDNR,38.82593,-76.39945,2023-01-10,12:02:00,33.1,0.7,4.5,0.5,S,ISM,M1,SPCOND,,16700.0,UMHOS/CM,F01,,,,,,T3
CB4.1C,624768,BAY830,TWQM,MAIN,MDDNR,MDDNR,38.82593,-76.39945,2022-12-06,11:52:00,33.0,,,0.5,S,ISM,M1,SPCOND,,27100.0,UMHOS/CM,F01,,,,,,T3
CB4.1C,624755,BAY828,TWQM,MAIN,MDDNR,MDDNR,38.82593,-76.39945,2022-11-15,12:00:00,32.4,14.5,17.5,0.5,S,ISM,M1,SPCOND,,28200.0,UMHOS/CM,F01,,,,,,T3
CB4.1C,624741,BAY826,TWQM,MAIN,MDDNR,MDDNR,38.82593,-76.39945,2022-10-06,14:40:00,31.5,,,0.5,S,ISM,M1,SPCOND,,27100.0,UMHOS/CM,F01,,,,,,T3
CB4.1C,624712,BAY824,TWQM,MAIN,MDDNR,MDDNR,38.82593,-76.39945,2022-09-13,13:12:00,32.0,7.5,16.5,0.5,S,ISM,M1,SPCOND,,24100.0,UMHOS/CM,F01,,,,,,T3
CB4.1C,625872,BAY823,TWQM,MAIN,MDDNR,MDDNR,38.82593,-76.39945,2022-08-23,12:51:00,32.0,6.5,15.5,0.5,S,ISM,M1,SPCOND,,22400.0,UMHOS/CM,F01,,,,,,T3
CB4.1C,625871,BAY822,TWQM,MAIN,MDDNR,MDDNR,38.82593,-76.39945,2022-08-09,13:02:00,31.8,13.5,17.5,0.5,S,ISM,M1,SPCOND,,20800.0,UMHOS/CM,F01,,,,,,T3
CB4.1C,699303,BAY820,TWQM,MAIN,MDDNR,MDDNR,38.82593,-76.39945,2022-07-13,12:41:00,32.0,5.5,12.5,0.5,S,ISM,M1,SPCOND,,18000.0,UMHOS/CM,F01,,,,,,T3
CB4.1C,621092,BAY819,TWQM,MAIN,MDDNR,MDDNR,38.82593,-76.39945,2022-06-29,12:38:00,32.3,8.5,18.5,0.5,S,ISM,M1,SPCOND,,17900.0,UMHOS/CM,F01,,,,,,T3
CB4.1C,621061,BAY817,TWQM,MAIN,MDDNR,MDDNR,38.82593,-76.39945,2022-05-17,13:00:00,32.6,2.5,12.5,0.5,S,ISM,M1,SPCOND,,11800.0,UMHOS/CM,F01,,,,,,T3
CB4.1C,699206,BAY814,TWQM,MAIN,MDDNR,MDDNR,38.82593,-76.39945,2022-04-12,12:42:00,33.5,5.5,13.5,0.5,S,ISM,M1,SPCOND,,15000.0,UMHOS/CM,F01,,,,,,T3
CB4.1C,611589,BAY812,TWQM,MAIN,MDDNR,MDDNR,38.82593,-76.39945,2022-03-15,13:29:00,33.2,8.5,16.5,0.5,S,ISM,M1,SPCOND,,16300.0,UMHOS/CM,F01,,,,,,T3
CB4.1C,608274,BAY806,TWQM,MAIN,MDDNR,MDDNR,38.82593,-76.39945,2021-12-08,12:05:00,32.8,,,0.5,S,ISM,M1,SPCOND,,20200.0,UMHOS/CM,F01,,,,,,T3
CB4.1C,608260,BAY805,TWQM,MAIN,MDDNR,MDDNR,38.82593,-76.39945,2021-11-17,11:57:00,32.7,4.5,17.5,0.5,S,ISM,M1,SPCOND,,16300.0,UMHOS/CM,F01,,,,,,T3
CB4.1C,608240,BAY802,TWQM,MAIN,MDDNR,MDDNR,38.82593,-76.39945,2021-10-05,12:47:00,32.4,2.5,12.5,0.5,S,ISM,M1,SPCOND,,14700.0,UMHOS/CM,F01,,,,,,T3
CB4.1C,785801,BAY900,TWQM,MAIN,MDDNR,MDDNR,38.82593,-76.39945,2025-11-18,15:00:00,30.8,,,0.5,S,D,S1,TDN,,0.32,MG/L,L01,CBL,,,,,T3
CB4.1C,785781,BAY898,TWQM,MAIN,MDDNR,MDDNR,38.82593,-76.39945,2025-10-06,12:29:00,31.0,8.5,14.5,0.5,S,D,S1,TDN,,0.35,MG/L,L01,CBL,,,,,T3
CB4.1C,785724,BAY895,TWQM,MAIN,MDDNR,MDDNR,38.82593,-76.39945,2025-08-26,12:27:00,30.4,10.5,19.5,0.5,S,D,S1,TDN,,0.33,MG/L,L01,CBL,,,,,T3
CB4.1C,785723,BAY894,TWQM,MAIN,MDDNR,MDDNR,38.82593,-76.39945,2025-08-06,12:20:00,30.8,4.5,13.5,0.5,S,D,S1,TDN,,0.28,MG/L,L01,CBL,,,,,T3
CB4.1C,785680,BAY893,TWQM,MAIN,MDDNR,MDDNR,38.82593,-76.39945,2025-07-21,12:50:00,31.5,3.5,9.5,0.5,S,D,S1,TDN,,0.36,MG/L,L01,CBL,,,,,T3
CB4.1C,785833,BAY890,TWQM,MAIN,MDDNR,MDDNR,38.82593,-76.39945,2025-06-09,16:31:00,31.3,4.5,12.5,0.5,S,D,S1,TDN,,0.47,MG/L,L01,CBL,,,,,T3
CB4.1C,785649,BAY886,TWQM,MAIN,MDDNR,MDDNR,38.82593,-76.39945,2025-04-15,10:56:00,31.0,1.5,20.5,0.5,S,D,S1,TDN,,0.54,MG/L,L01,CBL,,,,,T3
CB4.1C,785611,BAY882,TWQM,MAIN,MDDNR,MDDNR,38.82593,-76.39945,2025-02-04,10:09:00,32.0,3.5,14.5,0.5,S,D,S1,TDN,,0.35,MG/L,L01,CBL,,,,,T3
CB4.1C,785597,BAY880,TWQM,MAIN,MDDNR,MDDNR,38.82593,-76.39945,2025-01-13,14:51:00,32.0,,,0.5,S,D,S1,TDN,,0.39,MG/L,L01,CBL,,,,,T3
CB4.1C,691077,BAY875,TWQM,MAIN,MDDNR,MDDNR,38.82593,-76.39945,2024-10-23,12:47:00,31.0,,,0.5,S,D,S1,TDN,,0.29,MG/L,L01,CBL,,,,,T3
CB4.1C,690825,BAY872,TWQM,MAIN,MDDNR,MDDNR,38.82593,-76.39945,2024-09-23,10:41:00,31.0,9.5,21.5,0.5,S,D,S1,TDN,,0.32,MG/L,L01,CBL,,,,,T3
CB4.1C,690640,BAY871,TWQM,MAIN,MDDNR,MDDNR,38.82593,-76.39945,2024-08-27,13:24:00,30.5,7.5,15.5,0.5,S,D,S1,TDN,,0.34,MG/L,L01,CBL,,,,,T3
CB4.1C,691274,BAY868,TWQM,MAIN,MDDNR,MDDNR,38.82593,-76.39945,2024-07-16,13:43:00,30.5,10.5,16.5,0.5,S,D,S1,TDN,,0.26,MG/L,L01,CBL,,,,,T3
CB4.1C,688805,BAY867,TWQM,MAIN,MDDNR,MDDNR,38.82593,-76.39945,2024-06-26,13:41:00,30.6,14.5,21.5,0.5,S,D,S1,TDN,,0.3,MG/L,L01,CBL,,,,,T3
CB4.1C,688778,BAY866,TWQM,MAIN,MDDNR,MDDNR,38.82593,-76.39945,2024-06-04,13:27:00,31.0,6.5,14.5,0.5,S,D,S1,TDN,,0.5,MG/L,L01,CBL,,,,,T3
CB4.1C,678074,BAY864,TWQM,MAIN,MDDNR,MDDNR,38.82593,-76.39945,2024-05-14,13:09:00,32.0,10.5,17.5,0.5,S,D,S1,TDN,,0.76,MG/L,L01,CBL,,,,,T3
CB4.1C,699623,BAY857,TWQM,MAIN,MDDNR,MDDNR,38.82593,-76.39945,2024-01-24,12:09:00,33.1,3.5,13.5,0.5,S,D,S1,TDN,,0.92,MG/L,L01,CBL,,,,,T3
CB4.1C,647860,BAY852,TWQM,MAIN,MDDNR,MDDNR,38.82593,-76.39945,2023-11-16,12:11:00,32.5,10.0,21.0,0.5,S,D,S1,TDN,,0.44,MG/L,L01,CBL,,,,,T3
CB4.1C,647720,BAY850,TWQM,MAIN,MDDNR,MDDNR,38.82593,-76.39945,2023-10-05,12:59:00,32.3,,,0.5,S,D,S1,TDN,,0.42,MG/L,L01,CBL,,,,,T3
CB4.1C,670855,BAY848,TWQM,MAIN,MDDNR,MDDNR,38.82593,-76.39945,2023-09-12,13:29:00,32.2,3.5,18.5,0.5,S,D,S1,TDN,,0.31,MG/L,L01,CBL,,,,,T3
CB4.1C,670975,BAY847,TWQM,MAIN,MDDNR,MDDNR,38.82593,-76.39945,2023-08-29,12:54:00,32.2,7.5,17.5,0.5,S,D,S1,TDN,,0.34,MG/L,L01,CBL,,,,,T3
CB4.1C,670930,BAY844,TWQM,MAIN,MDDNR,MDDNR,38.82593,-76.39945,2023-07-11,13:18:00,32.4,3.5,19.5,0.5,S,D,S1,TDN,,0.29,MG/L,L01,CBL,,,,,T3
CB4.1C,670886,BAY843,TWQM,MAIN,MDDNR,MDDNR,38.82593,-76.39945,2023-06-27,13:33:00,32.5,6.5,21.5,0.5,S,D,S1,TDN,,0.3,MG/L,L01,CBL,,,,,T3
CB4.1C,670885,BAY842,TWQM,MAIN,MDDNR,MDDNR,38.82593,-76.39945,2023-06-06,12:44:00,32.5,4.5,8.5,0.5,S,D,S1,TDN,,0.34,MG/L,L01,CBL,,,,,T3
CB4.1C,645396,BAY840,TWQM,MAIN,MDDNR,MDDNR,38.82593,-76.39945,2023-05-09,12:49:00,32.8,2.5,15.5,0.5,S,D,S1,TDN,,0.49,MG/L,L01,CBL,,,,,T3
CB4.1C,670574,BAY838,TWQM,MAIN,MDDNR,MDDNR,38.82593,-76.39945,2023-04-11,12:52:00,33.1,7.5,18.5,0.5,S,D,S1,TDN,,0.57,MG/L,L01,CBL,,,,,T3
CB4.1C,640322,BAY836,TWQM,MAIN,MDDNR,MDDNR,38.82593,-76.39945,2023-03-16,13:36:00,33.3,11.5,16.5,0.5,S,D,S1,TDN,,0.59,MG/L,L01,CBL,,,,,T3
CB4.1C,640342,BAY832,TWQM,MAIN,MDDNR,MDDNR,38.82593,-76.39945,2023-01-10,12:02:00,33.1,0.7,4.5,0.5,S,D,S1,TDN,,0.85,MG/L,L01,CBL,,,,,T3
CB4.1C,624768,BAY830,TWQM,MAIN,MDDNR,MDDNR,38.82593,-76.39945,2022-12-06,11:52:00,33.0,,,0.5,S,D,S1,TDN,,0.38,MG/L,L01,CBL,,,,,T3
CB4.1C,624755,BAY828,TWQM,MAIN,MDDNR,MDDNR,38.82593,-76.39945,2022-11-15,12:00:00,32.4,14.5,17.5,0.5,S,D,S1,TDN,,0.37,MG/L,L01,CBL,,,,,T3
CB4.1C,624741,BAY826,TWQM,MAIN,MDDNR,MDDNR,38.82593,-76.39945,2022-10-06,14:40:00,31.5,,,0.5,S,D,S1,TDN,,0.4,MG/L,L01,CBL,,,,,T3
CB4.1C,624712,BAY824,TWQM,MAIN,MDDNR,MDDNR,38.82593,-76.39945,2022-09-13,13:12:00,32.0,7.5,16.5,0.5,S,D,S1,TDN,,0.35,MG/L,L01,CBL,,,,,T3
CB4.1C,625872,BAY823,TWQM,MAIN,MDDNR,MDDNR,38.82593,-76.39945,2022-08-23,12:51:00,32.0,6.5,15.5,0.5,S,D,S1,TDN,,0.3,MG/L,L01,CBL,,,,,T3
CB4.1C,625871,BAY822,TWQM,MAIN,MDDNR,MDDNR,38.82593,-76.39945,2022-08-09,13:02:00,31.8,13.5,17.5,0.5,S,D,S1,TDN,,0.26,MG/L,L01,CBL,,,,,T3
CB4.1C,699303,BAY820,TWQM,MAIN,MDDNR,MDDNR,38.82593,-76.39945,2022-07-13,12:41:00,32.0,5.5,12.5,0.5,S,D,S1,TDN,,0.25,MG/L,L01,CBL,,,,,T3
CB4.1C,621092,BAY819,TWQM,MAIN,MDDNR,MDDNR,38.82593,-76.39945,2022-06-29,12:38:00,32.3,8.5,18.5,0.5,S,D,S1,TDN,,0.32,MG/L,L01,CBL,,,,,T3
CB4.1C,621061,BAY817,TWQM,MAIN,MDDNR,MDDNR,38.82593,-76.39945,2022-05-17,13:00:00,32.6,2.5,12.5,0.5,S,D,S1,TDN,,0.66,MG/L,L01,CBL,,,,,T3
CB4.1C,699206,BAY814,TWQM,MAIN,MDDNR,MDDNR,38.82593,-76.39945,2022-04-12,12:42:00,33.5,5.5,13.5,0.5,S,D,S1,TDN,,0.75,MG/L,L01,CBL,,,,,T3
CB4.1C,611589,BAY812,TWQM,MAIN,MDDNR,MDDNR,38.82593,-76.39945,2022-03-15,13:29:00,33.2,8.5,16.5,0.5,S,D,S1,TDN,,0.76,MG/L,L01,CBL,,,,,T3
CB4.1C,608274,BAY806,TWQM,MAIN,MDDNR,MDDNR,38.82593,-76.39945,2021-12-08,12:05:00,32.8,,,0.5,S,D,S1,TDN,,0.56,MG/L,L01,CBL,,,,,T3
CB4.1C,608260,BAY805,TWQM,MAIN,MDDNR,MDDNR,38.82593,-76.39945,2021-11-17,11:57:00,32.7,4.5,17.5,0.5,S,D,S1,TDN,,0.73,MG/L,L01,CBL,,,,,T3
CB4.1C,608240,BAY802,TWQM,MAIN,MDDNR,MDDNR,38.82593,-76.39945,2021-10-05,12:47:00,32.4,2.5,12.5,0.5,S,D,S1,TDN,,0.53,MG/L,L01,CBL,,,,,T3
CB4.1C,785801,BAY900,TWQM,MAIN,MDDNR,MDDNR,38.82593,-76.39945,2025-11-18,15:00:00,30.8,,,0.5,S,D,S1,TDP,,0.0089,MG/L,L01,CBL,,,,,T3
CB4.1C,785781,BAY898,TWQM,MAIN,MDDNR,MDDNR,38.82593,-76.39945,2025-10-06,12:29:00,31.0,8.5,14.5,0.5,S,D,S1,TDP,,0.0086,MG/L,L01,CBL,,,,,T3
CB4.1C,785724,BAY895,TWQM,MAIN,MDDNR,MDDNR,38.82593,-76.39945,2025-08-26,12:27:00,30.4,10.5,19.5,0.5,S,D,S1,TDP,,0.0103,MG/L,L01,CBL,,,,,T3
CB4.1C,785723,BAY894,TWQM,MAIN,MDDNR,MDDNR,38.82593,-76.39945,2025-08-06,12:20:00,30.8,4.5,13.5,0.5,S,D,S1,TDP,,0.0074,MG/L,L01,CBL,,,,,T3
CB4.1C,785680,BAY893,TWQM,MAIN,MDDNR,MDDNR,38.82593,-76.39945,2025-07-21,12:50:00,31.5,3.5,9.5,0.5,S,D,S1,TDP,,0.0113,MG/L,L01,CBL,,,,,T3
CB4.1C,785833,BAY890,TWQM,MAIN,MDDNR,MDDNR,38.82593,-76.39945,2025-06-09,16:31:00,31.3,4.5,12.5,0.5,S,D,S1,TDP,,0.0063,MG/L,L01,CBL,,,,,T3
CB4.1C,785649,BAY886,TWQM,MAIN,MDDNR,MDDNR,38.82593,-76.39945,2025-04-15,10:56:00,31.0,1.5,20.5,0.5,S,D,S1,TDP,,0.0044,MG/L,L01,CBL,,,,,T3
CB4.1C,785611,BAY882,TWQM,MAIN,MDDNR,MDDNR,38.82593,-76.39945,2025-02-04,10:09:00,32.0,3.5,14.5,0.5,S,D,S1,TDP,,0.006,MG/L,L01,CBL,,,,,T3
CB4.1C,785597,BAY880,TWQM,MAIN,MDDNR,MDDNR,38.82593,-76.39945,2025-01-13,14:51:00,32.0,,,0.5,S,D,S1,TDP,,0.0055,MG/L,L01,CBL,,,,,T3
CB4.1C,691077,BAY875,TWQM,MAIN,MDDNR,MDDNR,38.82593,-76.39945,2024-10-23,12:47:00,31.0,,,0.5,S,D,S1,TDP,,0.0079,MG/L,L01,CBL,,,,,T3
CB4.1C,690825,BAY872,TWQM,MAIN,MDDNR,MDDNR,38.82593,-76.39945,2024-09-23,10:41:00,31.0,9.5,21.5,0.5,S,D,S1,TDP,,0.0119,MG/L,L01,CBL,,,,,T3
CB4.1C,690640,BAY871,TWQM,MAIN,MDDNR,MDDNR,38.82593,-76.39945,2024-08-27,13:24:00,30.5,7.5,15.5,0.5,S,D,S1,TDP,,0.0171,MG/L,L01,CBL,,,,,T3
CB4.1C,691274,BAY868,TWQM,MAIN,MDDNR,MDDNR,38.82593,-76.39945,2024-07-16,13:43:00,30.5,10.5,16.5,0.5,S,D,S1,TDP,,0.0085,MG/L,L01,CBL,,,,,T3
CB4.1C,688805,BAY867,TWQM,MAIN,MDDNR,MDDNR,38.82593,-76.39945,2024-06-26,13:41:00,30.6,14.5,21.5,0.5,S,D,S1,TDP,,0.007,MG/L,L01,CBL,,,,,T3
CB4.1C,688778,BAY866,TWQM,MAIN,MDDNR,MDDNR,38.82593,-76.39945,2024-06-04,13:27:00,31.0,6.5,14.5,0.5,S,D,S1,TDP,,0.007,MG/L,L01,CBL,,,,,T3
CB4.1C,678074,BAY864,TWQM,MAIN,MDDNR,MDDNR,38.82593,-76.39945,2024-05-14,13:09:00,32.0,10.5,17.5,0.5,S,D,S1,TDP,,0.0062,MG/L,L01,CBL,,,,,T3
CB4.1C,699623,BAY857,TWQM,MAIN,MDDNR,MDDNR,38.82593,-76.39945,2024-01-24,12:09:00,33.1,3.5,13.5,0.5,S,D,S1,TDP,,0.0105,MG/L,L01,CBL,,,,,T3
CB4.1C,647860,BAY852,TWQM,MAIN,MDDNR,MDDNR,38.82593,-76.39945,2023-11-16,12:11:00,32.5,10.0,21.0,0.5,S,D,S1,TDP,,0.0114,MG/L,L01,CBL,,,,,T3
CB4.1C,647720,BAY850,TWQM,MAIN,MDDNR,MDDNR,38.82593,-76.39945,2023-10-05,12:59:00,32.3,,,0.5,S,D,S1,TDP,,0.0087,MG/L,L01,CBL,,,,,T3
CB4.1C,670855,BAY848,TWQM,MAIN,MDDNR,MDDNR,38.82593,-76.39945,2023-09-12,13:29:00,32.2,3.5,18.5,0.5,S,D,S1,TDP,,0.0088,MG/L,L01,CBL,,,,,T3
CB4.1C,670975,BAY847,TWQM,MAIN,MDDNR,MDDNR,38.82593,-76.39945,2023-08-29,12:54:00,32.2,7.5,17.5,0.5,S,D,S1,TDP,,0.0184,MG/L,L01,CBL,,,,,T3
CB4.1C,670930,BAY844,TWQM,MAIN,MDDNR,MDDNR,38.82593,-76.39945,2023-07-11,13:18:00,32.4,3.5,19.5,0.5,S,D,S1,TDP,,0.0094,MG/L,L01,CBL,,,,,T3
CB4.1C,670886,BAY843,TWQM,MAIN,MDDNR,MDDNR,38.82593,-76.39945,2023-06-27,13:33:00,32.5,6.5,21.5,0.5,S,D,S1,TDP,,0.0111,MG/L,L01,CBL,,,,,T3
CB4.1C,670885,BAY842,TWQM,MAIN,MDDNR,MDDNR,38.82593,-76.39945,2023-06-06,12:44:00,32.5,4.5,8.5,0.5,S,D,S1,TDP,,0.0078,MG/L,L01,CBL,,,,,T3
CB4.1C,645396,BAY840,TWQM,MAIN,MDDNR,MDDNR,38.82593,-76.39945,2023-05-09,12:49:00,32.8,2.5,15.5,0.5,S,D,S1,TDP,,0.0056,MG/L,L01,CBL,,,,,T3
CB4.1C,670574,BAY838,TWQM,MAIN,MDDNR,MDDNR,38.82593,-76.39945,2023-04-11,12:52:00,33.1,7.5,18.5,0.5,S,D,S1,TDP,,0.0072,MG/L,L01,CBL,,,,,T3
CB4.1C,640322,BAY836,TWQM,MAIN,MDDNR,MDDNR,38.82593,-76.39945,2023-03-16,13:36:00,33.3,11.5,16.5,0.5,S,D,S1,TDP,,0.0091,MG/L,L01,CBL,,,,,T3
CB4.1C,640342,BAY832,TWQM,MAIN,MDDNR,MDDNR,38.82593,-76.39945,2023-01-10,12:02:00,33.1,0.7,4.5,0.5,S,D,S1,TDP,,0.0091,MG/L,L01,CBL,,,,,T3
CB4.1C,624768,BAY830,TWQM,MAIN,MDDNR,MDDNR,38.82593,-76.39945,2022-12-06,11:52:00,33.0,,,0.5,S,D,S1,TDP,,0.0092,MG/L,L01,CBL,,,,,T3
CB4.1C,624755,BAY828,TWQM,MAIN,MDDNR,MDDNR,38.82593,-76.39945,2022-11-15,12:00:00,32.4,14.5,17.5,0.5,S,D,S1,TDP,,0.0104,MG/L,L01,CBL,,,,,T3
CB4.1C,624741,BAY826,TWQM,MAIN,MDDNR,MDDNR,38.82593,-76.39945,2022-10-06,14:40:00,31.5,,,0.5,S,D,S1,TDP,,0.024,MG/L,L01,CBL,,,,,T3
CB4.1C,624712,BAY824,TWQM,MAIN,MDDNR,MDDNR,38.82593,-76.39945,2022-09-13,13:12:00,32.0,7.5,16.5,0.5,S,D,S1,TDP,,0.02,MG/L,L01,CBL,,,,,T3
CB4.1C,625872,BAY823,TWQM,MAIN,MDDNR,MDDNR,38.82593,-76.39945,2022-08-23,12:51:00,32.0,6.5,15.5,0.5,S,D,S1,TDP,,0.0107,MG/L,L01,CBL,,,,,T3
CB4.1C,625871,BAY822,TWQM,MAIN,MDDNR,MDDNR,38.82593,-76.39945,2022-08-09,13:02:00,31.8,13.5,17.5,0.5,S,D,S1,TDP,,0.0095,MG/L,L01,CBL,,,,,T3
CB4.1C,699303,BAY820,TWQM,MAIN,MDDNR,MDDNR,38.82593,-76.39945,2022-07-13,12:41:00,32.0,5.5,12.5,0.5,S,D,S1,TDP,,0.0095,MG/L,L01,CBL,,,,,T3
CB4.1C,621092,BAY819,TWQM,MAIN,MDDNR,MDDNR,38.82593,-76.39945,2022-06-29,12:38:00,32.3,8.5,18.5,0.5,S,D,S1,TDP,,0.0076,MG/L,L01,CBL,,,,,T3
CB4.1C,621061,BAY817,TWQM,MAIN,MDDNR,MDDNR,38.82593,-76.39945,2022-05-17,13:00:00,32.6,2.5,12.5,0.5,S,D,S1,TDP,,0.0089,MG/L,L01,CBL,,,,,T3
CB4.1C,699206,BAY814,TWQM,MAIN,MDDNR,MDDNR,38.82593,-76.39945,2022-04-12,12:42:00,33.5,5.5,13.5,0.5,S,D,S1,TDP,,0.0088,MG/L,L01,CBL,,,,,T3
CB4.1C,611589,BAY812,TWQM,MAIN,MDDNR,MDDNR,38.82593,-76.39945,2022-03-15,13:29:00,33.2,8.5,16.5,0.5,S,D,S1,TDP,,0.0061,MG/L,L01,CBL,,,,,T3
CB4.1C,608274,BAY806,TWQM,MAIN,MDDNR,MDDNR,38.82593,-76.39945,2021-12-08,12:05:00,32.8,,,0.5,S,D,S1,TDP,,0.0096,MG/L,L01,CBL,,,,,T3
CB4.1C,608260,BAY805,TWQM,MAIN,MDDNR,MDDNR,38.82593,-76.39945,2021-11-17,11:57:00,32.7,4.5,17.5,0.5,S,D,S1,TDP,,0.0271,MG/L,L01,CBL,,,,,T3
CB4.1C,608240,BAY802,TWQM,MAIN,MDDNR,MDDNR,38.82593,-76.39945,2021-10-05,12:47:00,32.4,2.5,12.5,0.5,S,D,S1,TDP,,0.0131,MG/L,L01,CBL,,,,,T3
CB4.1C,785801,BAY900,TWQM,MAIN,MDDNR,MDDNR,38.82593,-76.39945,2025-11-18,15:00:00,30.8,,,0.5,S,D,S1,TN,,0.474,MG/L,D04,CBL,,,,,T3
CB4.1C,785781,BAY898,TWQM,MAIN,MDDNR,MDDNR,38.82593,-76.39945,2025-10-06,12:29:00,31.0,8.5,14.5,0.5,S,D,S1,TN,,0.529,MG/L,D04,CBL,,,,,T3
CB4.1C,785724,BAY895,TWQM,MAIN,MDDNR,MDDNR,38.82593,-76.39945,2025-08-26,12:27:00,30.4,10.5,19.5,0.5,S,D,S1,TN,,0.484,MG/L,D04,CBL,,,,,T3
CB4.1C,785723,BAY894,TWQM,MAIN,MDDNR,MDDNR,38.82593,-76.39945,2025-08-06,12:20:00,30.8,4.5,13.5,0.5,S,D,S1,TN,,0.544,MG/L,D04,CBL,,,,,T3
CB4.1C,785680,BAY893,TWQM,MAIN,MDDNR,MDDNR,38.82593,-76.39945,2025-07-21,12:50:00,31.5,3.5,9.5,0.5,S,D,S1,TN,,0.83,MG/L,D04,CBL,,,,,T3
CB4.1C,785833,BAY890,TWQM,MAIN,MDDNR,MDDNR,38.82593,-76.39945,2025-06-09,16:31:00,31.3,4.5,12.5,0.5,S,D,S1,TN,,0.673,MG/L,D04,CBL,,,,,T3
CB4.1C,785649,BAY886,TWQM,MAIN,MDDNR,MDDNR,38.82593,-76.39945,2025-04-15,10:56:00,31.0,1.5,20.5,0.5,S,D,S1,TN,,0.685,MG/L,D04,CBL,,,,,T3
CB4.1C,785611,BAY882,TWQM,MAIN,MDDNR,MDDNR,38.82593,-76.39945,2025-02-04,10:09:00,32.0,3.5,14.5,0.5,S,D,S1,TN,,0.47,MG/L,D04,CBL,,,,,T3
CB4.1C,785597,BAY880,TWQM,MAIN,MDDNR,MDDNR,38.82593,-76.39945,2025-01-13,14:51:00,32.0,,,0.5,S,D,S1,TN,,0.536,MG/L,D04,CBL,,,,,T3
CB4.1C,691077,BAY875,TWQM,MAIN,MDDNR,MDDNR,38.82593,-76.39945,2024-10-23,12:47:00,31.0,,,0.5,S,D,S1,TN,,0.528,MG/L,D04,CBL,,,,,T3
CB4.1C,690825,BAY872,TWQM,MAIN,MDDNR,MDDNR,38.82593,-76.39945,2024-09-23,10:41:00,31.0,9.5,21.5,0.5,S,D,S1,TN,,0.562,MG/L,D04,CBL,,,,,T3
CB4.1C,690640,BAY871,TWQM,MAIN,MDDNR,MDDNR,38.82593,-76.39945,2024-08-27,13:24:00,30.5,7.5,15.5,0.5,S,D,S1,TN,,0.826,MG/L,D04,CBL,,,,,T3
CB4.1C,691274,BAY868,TWQM,MAIN,MDDNR,MDDNR,38.82593,-76.39945,2024-07-16,13:43:00,30.5,10.5,16.5,0.5,S,D,S1,TN,,0.484,MG/L,D04,CBL,,,,,T3
CB4.1C,688805,BAY867,TWQM,MAIN,MDDNR,MDDNR,38.82593,-76.39945,2024-06-26,13:41:00,30.6,14.5,21.5,0.5,S,D,S1,TN,,0.565,MG/L,D04,CBL,,,,,T3
CB4.1C,688778,BAY866,TWQM,MAIN,MDDNR,MDDNR,38.82593,-76.39945,2024-06-04,13:27:00,31.0,6.5,14.5,0.5,S,D,S1,TN,,0.74,MG/L,D04,CBL,,,,,T3
CB4.1C,678074,BAY864,TWQM,MAIN,MDDNR,MDDNR,38.82593,-76.39945,2024-05-14,13:09:00,32.0,10.5,17.5,0.5,S,D,S1,TN,,0.984,MG/L,D04,CBL,,,,,T3
CB4.1C,699623,BAY857,TWQM,MAIN,MDDNR,MDDNR,38.82593,-76.39945,2024-01-24,12:09:00,33.1,3.5,13.5,0.5,S,D,S1,TN,,1.22,MG/L,D04,CBL,,,,,T3
CB4.1C,647860,BAY852,TWQM,MAIN,MDDNR,MDDNR,38.82593,-76.39945,2023-11-16,12:11:00,32.5,10.0,21.0,0.5,S,D,S1,TN,,0.608,MG/L,D04,CBL,,,,,T3
CB4.1C,647720,BAY850,TWQM,MAIN,MDDNR,MDDNR,38.82593,-76.39945,2023-10-05,12:59:00,32.3,,,0.5,S,D,S1,TN,,0.519,MG/L,D04,CBL,,,,,T3
CB4.1C,670855,BAY848,TWQM,MAIN,MDDNR,MDDNR,38.82593,-76.39945,2023-09-12,13:29:00,32.2,3.5,18.5,0.5,S,D,S1,TN,,0.558,MG/L,D04,CBL,,,,,T3
CB4.1C,670975,BAY847,TWQM,MAIN,MDDNR,MDDNR,38.82593,-76.39945,2023-08-29,12:54:00,32.2,7.5,17.5,0.5,S,D,S1,TN,,0.475,MG/L,D04,CBL,,,,,T3
CB4.1C,670930,BAY844,TWQM,MAIN,MDDNR,MDDNR,38.82593,-76.39945,2023-07-11,13:18:00,32.4,3.5,19.5,0.5,S,D,S1,TN,,0.602,MG/L,D04,CBL,,,,,T3
CB4.1C,670886,BAY843,TWQM,MAIN,MDDNR,MDDNR,38.82593,-76.39945,2023-06-27,13:33:00,32.5,6.5,21.5,0.5,S,D,S1,TN,,0.621,MG/L,D04,CBL,,,,,T3
CB4.1C,670885,BAY842,TWQM,MAIN,MDDNR,MDDNR,38.82593,-76.39945,2023-06-06,12:44:00,32.5,4.5,8.5,0.5,S,D,S1,TN,,0.577,MG/L,D04,CBL,,,,,T3
CB4.1C,645396,BAY840,TWQM,MAIN,MDDNR,MDDNR,38.82593,-76.39945,2023-05-09,12:49:00,32.8,2.5,15.5,0.5,S,D,S1,TN,,0.641,MG/L,D04,CBL,,,,,T3
CB4.1C,670574,BAY838,TWQM,MAIN,MDDNR,MDDNR,38.82593,-76.39945,2023-04-11,12:52:00,33.1,7.5,18.5,0.5,S,D,S1,TN,,0.743,MG/L,D04,CBL,,,,,T3
CB4.1C,640322,BAY836,TWQM,MAIN,MDDNR,MDDNR,38.82593,-76.39945,2023-03-16,13:36:00,33.3,11.5,16.5,0.5,S,D,S1,TN,,0.782,MG/L,D04,CBL,JJ,,,,T3
CB4.1C,640342,BAY832,TWQM,MAIN,MDDNR,MDDNR,38.82593,-76.39945,2023-01-10,12:02:00,33.1,0.7,4.5,0.5,S,D,S1,TN,,1.112,MG/L,D04,CBL,,,,,T3
CB4.1C,624768,BAY830,TWQM,MAIN,MDDNR,MDDNR,38.82593,-76.39945,2022-12-06,11:52:00,33.0,,,0.5,S,D,S1,TN,,0.51,MG/L,D04,CBL,,,,,T3
CB4.1C,624755,BAY828,TWQM,MAIN,MDDNR,MDDNR,38.82593,-76.39945,2022-11-15,12:00:00,32.4,14.5,17.5,0.5,S,D,S1,TN,,0.4517,MG/L,D04,CBL,,,,,T3
CB4.1C,624741,BAY826,TWQM,MAIN,MDDNR,MDDNR,38.82593,-76.39945,2022-10-06,14:40:00,31.5,,,0.5,S,D,S1,TN,,0.4677,MG/L,D04,CBL,,,,,T3
CB4.1C,624712,BAY824,TWQM,MAIN,MDDNR,MDDNR,38.82593,-76.39945,2022-09-13,13:12:00,32.0,7.5,16.5,0.5,S,D,S1,TN,,0.589,MG/L,D04,CBL,,,,,T3
CB4.1C,625872,BAY823,TWQM,MAIN,MDDNR,MDDNR,38.82593,-76.39945,2022-08-23,12:51:00,32.0,6.5,15.5,0.5,S,D,S1,TN,,0.473,MG/L,D04,CBL,,,,,T3
CB4.1C,625871,BAY822,TWQM,MAIN,MDDNR,MDDNR,38.82593,-76.39945,2022-08-09,13:02:00,31.8,13.5,17.5,0.5,S,D,S1,TN,,0.476,MG/L,D04,CBL,,,,,T3
CB4.1C,699303,BAY820,TWQM,MAIN,MDDNR,MDDNR,38.82593,-76.39945,2022-07-13,12:41:00,32.0,5.5,12.5,0.5,S,D,S1,TN,,0.549,MG/L,D04,CBL,,,,,T3
CB4.1C,621092,BAY819,TWQM,MAIN,MDDNR,MDDNR,38.82593,-76.39945,2022-06-29,12:38:00,32.3,8.5,18.5,0.5,S,D,S1,TN,,0.591,MG/L,D04,CBL,,,,,T3
CB4.1C,621061,BAY817,TWQM,MAIN,MDDNR,MDDNR,38.82593,-76.39945,2022-05-17,13:00:00,32.6,2.5,12.5,0.5,S,D,S1,TN,,1.048,MG/L,D04,CBL,,,,,T3
CB4.1C,699206,BAY814,TWQM,MAIN,MDDNR,MDDNR,38.82593,-76.39945,2022-04-12,12:42:00,33.5,5.5,13.5,0.5,S,D,S1,TN,,1.104,MG/L,D04,CBL,,,,,T3
CB4.1C,611589,BAY812,TWQM,MAIN,MDDNR,MDDNR,38.82593,-76.39945,2022-03-15,13:29:00,33.2,8.5,16.5,0.5,S,D,S1,TN,,1.072,MG/L,D04,CBL,,,,,T3
CB4.1C,608274,BAY806,TWQM,MAIN,MDDNR,MDDNR,38.82593,-76.39945,2021-12-08,12:05:00,32.8,,,0.5,S,D,S1,TN,,0.736,MG/L,D04,CBL,,,,,T3
CB4.1C,608260,BAY805,TWQM,MAIN,MDDNR,MDDNR,38.82593,-76.39945,2021-11-17,11:57:00,32.7,4.5,17.5,0.5,S,D,S1,TN,,0.922,MG/L,D04,CBL,,,,,T3
CB4.1C,608240,BAY802,TWQM,MAIN,MDDNR,MDDNR,38.82593,-76.39945,2021-10-05,12:47:00,32.4,2.5,12.5,0.5,S,D,S1,TN,,0.747,MG/L,D04,CBL,,,,,T3
CB4.1C,785801,BAY900,TWQM,MAIN,MDDNR,MDDNR,38.82593,-76.39945,2025-11-18,15:00:00,30.8,,,0.5,S,D,S1,TON,,0.4271,MG/L,D02,CBL,,,,,T3
CB4.1C,785781,BAY898,TWQM,MAIN,MDDNR,MDDNR,38.82593,-76.39945,2025-10-06,12:29:00,31.0,8.5,14.5,0.5,S,D,S1,TON,<,0.5118,MG/L,D02A,CBL,,,,,T3
CB4.1C,785781,BAY898,TWQM,MAIN,MDDNR,MDDNR,38.82593,-76.39945,2025-10-06,12:29:00,31.0,8.5,14.5,0.5,S,D,S1,TON,<,0.5163,MG/L,D02B,CBL,,,,,T3
CB4.1C,785724,BAY895,TWQM,MAIN,MDDNR,MDDNR,38.82593,-76.39945,2025-08-26,12:27:00,30.4,10.5,19.5,0.5,S,D,S1,TON,<,0.4693,MG/L,D02A,CBL,,,,,T3
CB4.1C,785724,BAY895,TWQM,MAIN,MDDNR,MDDNR,38.82593,-76.39945,2025-08-26,12:27:00,30.4,10.5,19.5,0.5,S,D,S1,TON,<,0.4738,MG/L,D02B,CBL,,,,,T3
CB4.1C,785723,BAY894,TWQM,MAIN,MDDNR,MDDNR,38.82593,-76.39945,2025-08-06,12:20:00,30.8,4.5,13.5,0.5,S,D,S1,TON,<,0.5229,MG/L,D02A,CBL,,,,,T3
CB4.1C,785723,BAY894,TWQM,MAIN,MDDNR,MDDNR,38.82593,-76.39945,2025-08-06,12:20:00,30.8,4.5,13.5,0.5,S,D,S1,TON,<,0.5274,MG/L,D02B,CBL,,,,,T3
CB4.1C,785680,BAY893,TWQM,MAIN,MDDNR,MDDNR,38.82593,-76.39945,2025-07-21,12:50:00,31.5,3.5,9.5,0.5,S,D,S1,TON,<,0.817,MG/L,D02A,CBL,,,,,T3
CB4.1C,785680,BAY893,TWQM,MAIN,MDDNR,MDDNR,38.82593,-76.39945,2025-07-21,12:50:00,31.5,3.5,9.5,0.5,S,D,S1,TON,<,0.8215,MG/L,D02B,CBL,,,,,T3
CB4.1C,785833,BAY890,TWQM,MAIN,MDDNR,MDDNR,38.82593,-76.39945,2025-06-09,16:31:00,31.3,4.5,12.5,0.5,S,D,S1,TON,,0.499,MG/L,D02,CBL,,,,,T3
CB4.1C,785649,BAY886,TWQM,MAIN,MDDNR,MDDNR,38.82593,-76.39945,2025-04-15,10:56:00,31.0,1.5,20.5,0.5,S,D,S1,TON,,0.41,MG/L,D02,CBL,,,,,T3
CB4.1C,785611,BAY882,TWQM,MAIN,MDDNR,MDDNR,38.82593,-76.39945,2025-02-04,10:09:00,32.0,3.5,14.5,0.5,S,D,S1,TON,<,0.3502,MG/L,D02A,CBL,,,,,T3
CB4.1C,785611,BAY882,TWQM,MAIN,MDDNR,MDDNR,38.82593,-76.39945,2025-02-04,10:09:00,32.0,3.5,14.5,0.5,S,D,S1,TON,<,0.3547,MG/L,D02B,CBL,,,,,T3
CB4.1C,785597,BAY880,TWQM,MAIN,MDDNR,MDDNR,38.82593,-76.39945,2025-01-13,14:51:00,32.0,,,0.5,S,D,S1,TON,<,0.418,MG/L,D02A,CBL,,,,,T3
CB4.1C,785597,BAY880,TWQM,MAIN,MDDNR,MDDNR,38.82593,-76.39945,2025-01-13,14:51:00,32.0,,,0.5,S,D,S1,TON,<,0.4225,MG/L,D02B,CBL,,,,,T3
CB4.1C,691077,BAY875,TWQM,MAIN,MDDNR,MDDNR,38.82593,-76.39945,2024-10-23,12:47:00,31.0,,,0.5,S,D,S1,TON,<,0.5141,MG/L,D02A,CBL,,,,,T3
CB4.1C,691077,BAY875,TWQM,MAIN,MDDNR,MDDNR,38.82593,-76.39945,2024-10-23,12:47:00,31.0,,,0.5,S,D,S1,TON,<,0.5186,MG/L,D02B,CBL,,,,,T3
CB4.1C,690825,BAY872,TWQM,MAIN,MDDNR,MDDNR,38.82593,-76.39945,2024-09-23,10:41:00,31.0,9.5,21.5,0.5,S,D,S1,TON,<,0.4636,MG/L,D02A,CBL,,,,,T3
CB4.1C,690825,BAY872,TWQM,MAIN,MDDNR,MDDNR,38.82593,-76.39945,2024-09-23,10:41:00,31.0,9.5,21.5,0.5,S,D,S1,TON,<,0.4681,MG/L,D02B,CBL,,,,,T3
CB4.1C,690640,BAY871,TWQM,MAIN,MDDNR,MDDNR,38.82593,-76.39945,2024-08-27,13:24:00,30.5,7.5,15.5,0.5,S,D,S1,TON,,0.7836,MG/L,D02,CBL,,,,,T3
CB4.1C,691274,BAY868,TWQM,MAIN,MDDNR,MDDNR,38.82593,-76.39945,2024-07-16,13:43:00,30.5,10.5,16.5,0.5,S,D,S1,TON,<,0.4732,MG/L,D02A,CBL,,,,,T3
CB4.1C,691274,BAY868,TWQM,MAIN,MDDNR,MDDNR,38.82593,-76.39945,2024-07-16,13:43:00,30.5,10.5,16.5,0.5,S,D,S1,TON,<,0.4777,MG/L,D02B,CBL,,,,,T3
CB4.1C,688805,BAY867,TWQM,MAIN,MDDNR,MDDNR,38.82593,-76.39945,2024-06-26,13:41:00,30.6,14.5,21.5,0.5,S,D,S1,TON,,0.5428,MG/L,D02,CBL,,,,,T3
CB4.1C,688778,BAY866,TWQM,MAIN,MDDNR,MDDNR,38.82593,-76.39945,2024-06-04,13:27:00,31.0,6.5,14.5,0.5,S,D,S1,TON,<,0.529,MG/L,D02A,CBL,,,,,T3
CB4.1C,688778,BAY866,TWQM,MAIN,MDDNR,MDDNR,38.82593,-76.39945,2024-06-04,13:27:00,31.0,6.5,14.5,0.5,S,D,S1,TON,<,0.5335,MG/L,D02B,CBL,,,,,T3
CB4.1C,678074,BAY864,TWQM,MAIN,MDDNR,MDDNR,38.82593,-76.39945,2024-05-14,13:09:00,32.0,10.5,17.5,0.5,S,D,S1,TON,,0.528,MG/L,D02,CBL,,,,,T3
CB4.1C,699623,BAY857,TWQM,MAIN,MDDNR,MDDNR,38.82593,-76.39945,2024-01-24,12:09:00,33.1,3.5,13.5,0.5,S,D,S1,TON,,0.574,MG/L,D02,CBL,,,,,T3
CB4.1C,647860,BAY852,TWQM,MAIN,MDDNR,MDDNR,38.82593,-76.39945,2023-11-16,12:11:00,32.5,10.0,21.0,0.5,S,D,S1,TON,,0.468,MG/L,D02,CBL,,,,,T3
CB4.1C,647720,BAY850,TWQM,MAIN,MDDNR,MDDNR,38.82593,-76.39945,2023-10-05,12:59:00,32.3,,,0.5,S,D,S1,TON,,0.362,MG/L,D02,CBL,,,,,T3
CB4.1C,670855,BAY848,TWQM,MAIN,MDDNR,MDDNR,38.82593,-76.39945,2023-09-12,13:29:00,32.2,3.5,18.5,0.5,S,D,S1,TON,<,0.5435,MG/L,D02A,CBL,,,,,T3
CB4.1C,670855,BAY848,TWQM,MAIN,MDDNR,MDDNR,38.82593,-76.39945,2023-09-12,13:29:00,32.2,3.5,18.5,0.5,S,D,S1,TON,<,0.548,MG/L,D02B,CBL,,,,,T3
CB4.1C,670975,BAY847,TWQM,MAIN,MDDNR,MDDNR,38.82593,-76.39945,2023-08-29,12:54:00,32.2,7.5,17.5,0.5,S,D,S1,TON,<,0.4064,MG/L,D02A,CBL,,,,,T3
CB4.1C,670975,BAY847,TWQM,MAIN,MDDNR,MDDNR,38.82593,-76.39945,2023-08-29,12:54:00,32.2,7.5,17.5,0.5,S,D,S1,TON,<,0.4109,MG/L,D02B,CBL,,,,,T3
CB4.1C,670930,BAY844,TWQM,MAIN,MDDNR,MDDNR,38.82593,-76.39945,2023-07-11,13:18:00,32.4,3.5,19.5,0.5,S,D,S1,TON,<,0.5918,MG/L,D02A,CBL,,,,,T3
CB4.1C,670930,BAY844,TWQM,MAIN,MDDNR,MDDNR,38.82593,-76.39945,2023-07-11,13:18:00,32.4,3.5,19.5,0.5,S,D,S1,TON,<,0.5963,MG/L,D02B,CBL,,,,,T3
CB4.1C,670886,BAY843,TWQM,MAIN,MDDNR,MDDNR,38.82593,-76.39945,2023-06-27,13:33:00,32.5,6.5,21.5,0.5,S,D,S1,TON,,0.6076,MG/L,D02,CBL,,,,,T3
CB4.1C,670885,BAY842,TWQM,MAIN,MDDNR,MDDNR,38.82593,-76.39945,2023-06-06,12:44:00,32.5,4.5,8.5,0.5,S,D,S1,TON,,0.5061,MG/L,D02,CBL,,,,,T3
CB4.1C,645396,BAY840,TWQM,MAIN,MDDNR,MDDNR,38.82593,-76.39945,2023-05-09,12:49:00,32.8,2.5,15.5,0.5,S,D,S1,TON,,0.371,MG/L,D02,CBL,,,,,T3
CB4.1C,670574,BAY838,TWQM,MAIN,MDDNR,MDDNR,38.82593,-76.39945,2023-04-11,12:52:00,33.1,7.5,18.5,0.5,S,D,S1,TON,,0.421,MG/L,D02,CBL,,,,,T3
CB4.1C,640322,BAY836,TWQM,MAIN,MDDNR,MDDNR,38.82593,-76.39945,2023-03-16,13:36:00,33.3,11.5,16.5,0.5,S,D,S1,TON,,0.396,MG/L,D02,CBL,JJ,,,,T3
CB4.1C,640342,BAY832,TWQM,MAIN,MDDNR,MDDNR,38.82593,-76.39945,2023-01-10,12:02:00,33.1,0.7,4.5,0.5,S,D,S1,TON,,0.492,MG/L,D02,CBL,,,,,T3
CB4.1C,624768,BAY830,TWQM,MAIN,MDDNR,MDDNR,38.82593,-76.39945,2022-12-06,11:52:00,33.0,,,0.5,S,D,S1,TON,,0.3731,MG/L,D02,CBL,,,,,T3
CB4.1C,624755,BAY828,TWQM,MAIN,MDDNR,MDDNR,38.82593,-76.39945,2022-11-15,12:00:00,32.4,14.5,17.5,0.5,S,D,S1,TON,,0.3531,MG/L,D02,CBL,,,,,T3
CB4.1C,624741,BAY826,TWQM,MAIN,MDDNR,MDDNR,38.82593,-76.39945,2022-10-06,14:40:00,31.5,,,0.5,S,D,S1,TON,,0.3455,MG/L,D02,CBL,,,,,T3
CB4.1C,624712,BAY824,TWQM,MAIN,MDDNR,MDDNR,38.82593,-76.39945,2022-09-13,13:12:00,32.0,7.5,16.5,0.5,S,D,S1,TON,<,0.5765,MG/L,D02A,CBL,QQ,,,,T3
CB4.1C,624712,BAY824,TWQM,MAIN,MDDNR,MDDNR,38.82593,-76.39945,2022-09-13,13:12:00,32.0,7.5,16.5,0.5,S,D,S1,TON,<,0.57725,MG/L,D02B,CBL,QQ,,,,T3
CB4.1C,625872,BAY823,TWQM,MAIN,MDDNR,MDDNR,38.82593,-76.39945,2022-08-23,12:51:00,32.0,6.5,15.5,0.5,S,D,S1,TON,<,0.4545,MG/L,D02A,CBL,,,,,T3
CB4.1C,625872,BAY823,TWQM,MAIN,MDDNR,MDDNR,38.82593,-76.39945,2022-08-23,12:51:00,32.0,6.5,15.5,0.5,S,D,S1,TON,<,0.459,MG/L,D02B,CBL,,,,,T3
CB4.1C,625871,BAY822,TWQM,MAIN,MDDNR,MDDNR,38.82593,-76.39945,2022-08-09,13:02:00,31.8,13.5,17.5,0.5,S,D,S1,TON,<,0.4649,MG/L,D02A,CBL,,,,,T3
CB4.1C,625871,BAY822,TWQM,MAIN,MDDNR,MDDNR,38.82593,-76.39945,2022-08-09,13:02:00,31.8,13.5,17.5,0.5,S,D,S1,TON,<,0.4694,MG/L,D02B,CBL,,,,,T3
CB4.1C,699303,BAY820,TWQM,MAIN,MDDNR,MDDNR,38.82593,-76.39945,2022-07-13,12:41:00,32.0,5.5,12.5,0.5,S,D,S1,TON,<,0.5385,MG/L,D02A,CBL,QQ,,,,T3
CB4.1C,699303,BAY820,TWQM,MAIN,MDDNR,MDDNR,38.82593,-76.39945,2022-07-13,12:41:00,32.0,5.5,12.5,0.5,S,D,S1,TON,<,0.53925,MG/L,D02B,CBL,QQ,,,,T3
CB4.1C,621092,BAY819,TWQM,MAIN,MDDNR,MDDNR,38.82593,-76.39945,2022-06-29,12:38:00,32.3,8.5,18.5,0.5,S,D,S1,TON,,0.4818,MG/L,D02,CBL,,,,,T3
CB4.1C,621061,BAY817,TWQM,MAIN,MDDNR,MDDNR,38.82593,-76.39945,2022-05-17,13:00:00,32.6,2.5,12.5,0.5,S,D,S1,TON,<,0.596,MG/L,D02A,CBL,,,,,T3
CB4.1C,621061,BAY817,TWQM,MAIN,MDDNR,MDDNR,38.82593,-76.39945,2022-05-17,13:00:00,32.6,2.5,12.5,0.5,S,D,S1,TON,<,0.6005,MG/L,D02B,CBL,,,,,T3
CB4.1C,699206,BAY814,TWQM,MAIN,MDDNR,MDDNR,38.82593,-76.39945,2022-04-12,12:42:00,33.5,5.5,13.5,0.5,S,D,S1,TON,,0.682,MG/L,D02,CBL,,,,,T3
CB4.1C,611589,BAY812,TWQM,MAIN,MDDNR,MDDNR,38.82593,-76.39945,2022-03-15,13:29:00,33.2,8.5,16.5,0.5,S,D,S1,TON,,0.59,MG/L,D02,CBL,,,,,T3
CB4.1C,608274,BAY806,TWQM,MAIN,MDDNR,MDDNR,38.82593,-76.39945,2021-12-08,12:05:00,32.8,,,0.5,S,D,S1,TON,,0.404,MG/L,D02,CBL,,,,,T3
CB4.1C,608260,BAY805,TWQM,MAIN,MDDNR,MDDNR,38.82593,-76.39945,2021-11-17,11:57:00,32.7,4.5,17.5,0.5,S,D,S1,TON,,0.478,MG/L,D02,CBL,,,,,T3
CB4.1C,608240,BAY802,TWQM,MAIN,MDDNR,MDDNR,38.82593,-76.39945,2021-10-05,12:47:00,32.4,2.5,12.5,0.5,S,D,S1,TON,,0.477,MG/L,D02,CBL,,,,,T3
CB4.1C,785801,BAY900,TWQM,MAIN,MDDNR,MDDNR,38.82593,-76.39945,2025-11-18,15:00:00,30.8,,,0.5,S,D,S1,TP,,0.02,MG/L,D01,CBL,,,,,T3
CB4.1C,785781,BAY898,TWQM,MAIN,MDDNR,MDDNR,38.82593,-76.39945,2025-10-06,12:29:00,31.0,8.5,14.5,0.5,S,D,S1,TP,,0.0236,MG/L,D01,CBL,,,,,T3
CB4.1C,785724,BAY895,TWQM,MAIN,MDDNR,MDDNR,38.82593,-76.39945,2025-08-26,12:27:00,30.4,10.5,19.5,0.5,S,D,S1,TP,,0.0253,MG/L,D01,CBL,,,,,T3
CB4.1C,785723,BAY894,TWQM,MAIN,MDDNR,MDDNR,38.82593,-76.39945,2025-08-06,12:20:00,30.8,4.5,13.5,0.5,S,D,S1,TP,,0.032,MG/L,D01,CBL,,,,,T3
CB4.1C,785680,BAY893,TWQM,MAIN,MDDNR,MDDNR,38.82593,-76.39945,2025-07-21,12:50:00,31.5,3.5,9.5,0.5,S,D,S1,TP,,0.0454,MG/L,D01,CBL,,,,,T3
CB4.1C,785833,BAY890,TWQM,MAIN,MDDNR,MDDNR,38.82593,-76.39945,2025-06-09,16:31:00,31.3,4.5,12.5,0.5,S,D,S1,TP,,0.021,MG/L,D01,CBL,,,,,T3
CB4.1C,785649,BAY886,TWQM,MAIN,MDDNR,MDDNR,38.82593,-76.39945,2025-04-15,10:56:00,31.0,1.5,20.5,0.5,S,D,S1,TP,,0.0162,MG/L,D01,CBL,,,,,T3
CB4.1C,785611,BAY882,TWQM,MAIN,MDDNR,MDDNR,38.82593,-76.39945,2025-02-04,10:09:00,32.0,3.5,14.5,0.5,S,D,S1,TP,,0.015,MG/L,D01,CBL,,,,,T3
CB4.1C,785597,BAY880,TWQM,MAIN,MDDNR,MDDNR,38.82593,-76.39945,2025-01-13,14:51:00,32.0,,,0.5,S,D,S1,TP,,0.016,MG/L,D01,CBL,,,,,T3
CB4.1C,691077,BAY875,TWQM,MAIN,MDDNR,MDDNR,38.82593,-76.39945,2024-10-23,12:47:00,31.0,,,0.5,S,D,S1,TP,,0.0238,MG/L,D01,CBL,,,,,T3
CB4.1C,690825,BAY872,TWQM,MAIN,MDDNR,MDDNR,38.82593,-76.39945,2024-09-23,10:41:00,31.0,9.5,21.5,0.5,S,D,S1,TP,,0.0283,MG/L,D01,CBL,,,,,T3
CB4.1C,690640,BAY871,TWQM,MAIN,MDDNR,MDDNR,38.82593,-76.39945,2024-08-27,13:24:00,30.5,7.5,15.5,0.5,S,D,S1,TP,,0.0614,MG/L,D01,CBL,,,,,T3
CB4.1C,691274,BAY868,TWQM,MAIN,MDDNR,MDDNR,38.82593,-76.39945,2024-07-16,13:43:00,30.5,10.5,16.5,0.5,S,D,S1,TP,,0.0283,MG/L,D01,CBL,,,,,T3
CB4.1C,688805,BAY867,TWQM,MAIN,MDDNR,MDDNR,38.82593,-76.39945,2024-06-26,13:41:00,30.6,14.5,21.5,0.5,S,D,S1,TP,,0.0309,MG/L,D01,CBL,,,,,T3
CB4.1C,688778,BAY866,TWQM,MAIN,MDDNR,MDDNR,38.82593,-76.39945,2024-06-04,13:27:00,31.0,6.5,14.5,0.5,S,D,S1,TP,,0.0272,MG/L,D01,CBL,,,,,T3
CB4.1C,678074,BAY864,TWQM,MAIN,MDDNR,MDDNR,38.82593,-76.39945,2024-05-14,13:09:00,32.0,10.5,17.5,0.5,S,D,S1,TP,,0.0246,MG/L,D01,CBL,,,,,T3
CB4.1C,699623,BAY857,TWQM,MAIN,MDDNR,MDDNR,38.82593,-76.39945,2024-01-24,12:09:00,33.1,3.5,13.5,0.5,S,D,S1,TP,,0.0495,MG/L,D01,CBL,,,,,T3
CB4.1C,647860,BAY852,TWQM,MAIN,MDDNR,MDDNR,38.82593,-76.39945,2023-11-16,12:11:00,32.5,10.0,21.0,0.5,S,D,S1,TP,,0.0251,MG/L,D01,CBL,,,,,T3
CB4.1C,647720,BAY850,TWQM,MAIN,MDDNR,MDDNR,38.82593,-76.39945,2023-10-05,12:59:00,32.3,,,0.5,S,D,S1,TP,,0.0189,MG/L,D01,CBL,,,,,T3
CB4.1C,670855,BAY848,TWQM,MAIN,MDDNR,MDDNR,38.82593,-76.39945,2023-09-12,13:29:00,32.2,3.5,18.5,0.5,S,D,S1,TP,,0.03,MG/L,D01,CBL,,,,,T3
CB4.1C,670975,BAY847,TWQM,MAIN,MDDNR,MDDNR,38.82593,-76.39945,2023-08-29,12:54:00,32.2,7.5,17.5,0.5,S,D,S1,TP,,0.0339,MG/L,D01,CBL,,,,,T3
CB4.1C,670930,BAY844,TWQM,MAIN,MDDNR,MDDNR,38.82593,-76.39945,2023-07-11,13:18:00,32.4,3.5,19.5,0.5,S,D,S1,TP,,0.0404,MG/L,D01,CBL,,,,,T3
CB4.1C,670886,BAY843,TWQM,MAIN,MDDNR,MDDNR,38.82593,-76.39945,2023-06-27,13:33:00,32.5,6.5,21.5,0.5,S,D,S1,TP,,0.0342,MG/L,D01,CBL,,,,,T3
CB4.1C,670885,BAY842,TWQM,MAIN,MDDNR,MDDNR,38.82593,-76.39945,2023-06-06,12:44:00,32.5,4.5,8.5,0.5,S,D,S1,TP,,0.0273,MG/L,D01,CBL,,,,,T3
CB4.1C,645396,BAY840,TWQM,MAIN,MDDNR,MDDNR,38.82593,-76.39945,2023-05-09,12:49:00,32.8,2.5,15.5,0.5,S,D,S1,TP,,0.0197,MG/L,D01,CBL,,,,,T3
CB4.1C,670574,BAY838,TWQM,MAIN,MDDNR,MDDNR,38.82593,-76.39945,2023-04-11,12:52:00,33.1,7.5,18.5,0.5,S,D,S1,TP,,0.0195,MG/L,D01,CBL,,,,,T3
CB4.1C,640322,BAY836,TWQM,MAIN,MDDNR,MDDNR,38.82593,-76.39945,2023-03-16,13:36:00,33.3,11.5,16.5,0.5,S,D,S1,TP,,0.025,MG/L,D01,CBL,,,,,T3
CB4.1C,640342,BAY832,TWQM,MAIN,MDDNR,MDDNR,38.82593,-76.39945,2023-01-10,12:02:00,33.1,0.7,4.5,0.5,S,D,S1,TP,,0.0383,MG/L,D01,CBL,,,,,T3
CB4.1C,624768,BAY830,TWQM,MAIN,MDDNR,MDDNR,38.82593,-76.39945,2022-12-06,11:52:00,33.0,,,0.5,S,D,S1,TP,,0.0225,MG/L,D01,CBL,,,,,T3
CB4.1C,624755,BAY828,TWQM,MAIN,MDDNR,MDDNR,38.82593,-76.39945,2022-11-15,12:00:00,32.4,14.5,17.5,0.5,S,D,S1,TP,,0.0193,MG/L,D01,CBL,,,,,T3
CB4.1C,624741,BAY826,TWQM,MAIN,MDDNR,MDDNR,38.82593,-76.39945,2022-10-06,14:40:00,31.5,,,0.5,S,D,S1,TP,,0.0303,MG/L,D01,CBL,,,,,T3
CB4.1C,624712,BAY824,TWQM,MAIN,MDDNR,MDDNR,38.82593,-76.39945,2022-09-13,13:12:00,32.0,7.5,16.5,0.5,S,D,S1,TP,,0.0389,MG/L,D01,CBL,,,,,T3
CB4.1C,625872,BAY823,TWQM,MAIN,MDDNR,MDDNR,38.82593,-76.39945,2022-08-23,12:51:00,32.0,6.5,15.5,0.5,S,D,S1,TP,,0.0291,MG/L,D01,CBL,,,,,T3
CB4.1C,625871,BAY822,TWQM,MAIN,MDDNR,MDDNR,38.82593,-76.39945,2022-08-09,13:02:00,31.8,13.5,17.5,0.5,S,D,S1,TP,,0.0273,MG/L,D01,CBL,,,,,T3
CB4.1C,699303,BAY820,TWQM,MAIN,MDDNR,MDDNR,38.82593,-76.39945,2022-07-13,12:41:00,32.0,5.5,12.5,0.5,S,D,S1,TP,,0.0369,MG/L,D01,CBL,,,,,T3
CB4.1C,621092,BAY819,TWQM,MAIN,MDDNR,MDDNR,38.82593,-76.39945,2022-06-29,12:38:00,32.3,8.5,18.5,0.5,S,D,S1,TP,,0.0302,MG/L,D01,CBL,,,,,T3
CB4.1C,621061,BAY817,TWQM,MAIN,MDDNR,MDDNR,38.82593,-76.39945,2022-05-17,13:00:00,32.6,2.5,12.5,0.5,S,D,S1,TP,,0.045,MG/L,D01,CBL,,,,,T3
CB4.1C,699206,BAY814,TWQM,MAIN,MDDNR,MDDNR,38.82593,-76.39945,2022-04-12,12:42:00,33.5,5.5,13.5,0.5,S,D,S1,TP,,0.0357,MG/L,D01,CBL,,,,,T3
CB4.1C,611589,BAY812,TWQM,MAIN,MDDNR,MDDNR,38.82593,-76.39945,2022-03-15,13:29:00,33.2,8.5,16.5,0.5,S,D,S1,TP,,0.0243,MG/L,D01,CBL,,,,,T3
CB4.1C,608274,BAY806,TWQM,MAIN,MDDNR,MDDNR,38.82593,-76.39945,2021-12-08,12:05:00,32.8,,,0.5,S,D,S1,TP,,0.0282,MG/L,D01,CBL,,,,,T3
CB4.1C,608260,BAY805,TWQM,MAIN,MDDNR,MDDNR,38.82593,-76.39945,2021-11-17,11:57:00,32.7,4.5,17.5,0.5,S,D,S1,TP,,0.0486,MG/L,D01,CBL,,,,,T3
CB4.1C,608240,BAY802,TWQM,MAIN,MDDNR,MDDNR,38.82593,-76.39945,2021-10-05,12:47:00,32.4,2.5,12.5,0.5,S,D,S1,TP,,0.0346,MG/L,D01,CBL,,,,,T3
CB4.1C,785801,BAY900,TWQM,MAIN,MDDNR,MDDNR,38.82593,-76.39945,2025-11-18,15:00:00,30.8,,,0.5,S,D,S1,TSS,,2.8,MG/L,L01,CBL,,,,,T3
CB4.1C,785781,BAY898,TWQM,MAIN,MDDNR,MDDNR,38.82593,-76.39945,2025-10-06,12:29:00,31.0,8.5,14.5,0.5,S,D,S1,TSS,,7.0,MG/L,L01,CBL,,,,,T3
CB4.1C,785724,BAY895,TWQM,MAIN,MDDNR,MDDNR,38.82593,-76.39945,2025-08-26,12:27:00,30.4,10.5,19.5,0.5,S,D,S1,TSS,,4.4,MG/L,L01,CBL,,,,,T3
CB4.1C,785723,BAY894,TWQM,MAIN,MDDNR,MDDNR,38.82593,-76.39945,2025-08-06,12:20:00,30.8,4.5,13.5,0.5,S,D,S1,TSS,,5.1,MG/L,L01,CBL,,,,,T3
CB4.1C,785680,BAY893,TWQM,MAIN,MDDNR,MDDNR,38.82593,-76.39945,2025-07-21,12:50:00,31.5,3.5,9.5,0.5,S,D,S1,TSS,,5.6,MG/L,L01,CBL,,,,,T3
CB4.1C,785833,BAY890,TWQM,MAIN,MDDNR,MDDNR,38.82593,-76.39945,2025-06-09,16:31:00,31.3,4.5,12.5,0.5,S,D,S1,TSS,,6.8,MG/L,L01,CBL,,,,,T3
CB4.1C,785649,BAY886,TWQM,MAIN,MDDNR,MDDNR,38.82593,-76.39945,2025-04-15,10:56:00,31.0,1.5,20.5,0.5,S,D,S1,TSS,,5.6,MG/L,L01,CBL,,,,,T3
CB4.1C,785611,BAY882,TWQM,MAIN,MDDNR,MDDNR,38.82593,-76.39945,2025-02-04,10:09:00,32.0,3.5,14.5,0.5,S,D,S1,TSS,,3.2,MG/L,L01,CBL,,,,,T3
CB4.1C,785597,BAY880,TWQM,MAIN,MDDNR,MDDNR,38.82593,-76.39945,2025-01-13,14:51:00,32.0,,,0.5,S,D,S1,TSS,,9.4,MG/L,L01,CBL,,,,,T3
CB4.1C,691077,BAY875,TWQM,MAIN,MDDNR,MDDNR,38.82593,-76.39945,2024-10-23,12:47:00,31.0,,,0.5,S,D,S1,TSS,,5.2,MG/L,L01,CBL,,,,,T3
CB4.1C,690825,BAY872,TWQM,MAIN,MDDNR,MDDNR,38.82593,-76.39945,2024-09-23,10:41:00,31.0,9.5,21.5,0.5,S,D,S1,TSS,,2.6,MG/L,L01,CBL,,,,,T3
CB4.1C,690640,BAY871,TWQM,MAIN,MDDNR,MDDNR,38.82593,-76.39945,2024-08-27,13:24:00,30.5,7.5,15.5,0.5,S,D,S1,TSS,,4.8,MG/L,L01,CBL,,,,,T3
CB4.1C,691274,BAY868,TWQM,MAIN,MDDNR,MDDNR,38.82593,-76.39945,2024-07-16,13:43:00,30.5,10.5,16.5,0.5,S,D,S1,TSS,,4.3,MG/L,L01,CBL,,,,,T3
CB4.1C,688805,BAY867,TWQM,MAIN,MDDNR,MDDNR,38.82593,-76.39945,2024-06-26,13:41:00,30.6,14.5,21.5,0.5,S,D,S1,TSS,,10.0,MG/L,L01,CBL,,,,,T3
CB4.1C,688778,BAY866,TWQM,MAIN,MDDNR,MDDNR,38.82593,-76.39945,2024-06-04,13:27:00,31.0,6.5,14.5,0.5,S,D,S1,TSS,,4.4,MG/L,L01,CBL,,,,,T3
CB4.1C,678074,BAY864,TWQM,MAIN,MDDNR,MDDNR,38.82593,-76.39945,2024-05-14,13:09:00,32.0,10.5,17.5,0.5,S,D,S1,TSS,,7.6,MG/L,L01,CBL,,,,,T3
CB4.1C,699623,BAY857,TWQM,MAIN,MDDNR,MDDNR,38.82593,-76.39945,2024-01-24,12:09:00,33.1,3.5,13.5,0.5,S,D,S1,TSS,,7.6,MG/L,L01,CBL,,,,,T3
CB4.1C,647860,BAY852,TWQM,MAIN,MDDNR,MDDNR,38.82593,-76.39945,2023-11-16,12:11:00,32.5,10.0,21.0,0.5,S,D,S1,TSS,,6.0,MG/L,L01,CBL,,,,,T3
CB4.1C,647720,BAY850,TWQM,MAIN,MDDNR,MDDNR,38.82593,-76.39945,2023-10-05,12:59:00,32.3,,,0.5,S,D,S1,TSS,,4.9,MG/L,L01,CBL,,,,,T3
CB4.1C,670855,BAY848,TWQM,MAIN,MDDNR,MDDNR,38.82593,-76.39945,2023-09-12,13:29:00,32.2,3.5,18.5,0.5,S,D,S1,TSS,,4.5,MG/L,L01,CBL,,,,,T3
CB4.1C,670975,BAY847,TWQM,MAIN,MDDNR,MDDNR,38.82593,-76.39945,2023-08-29,12:54:00,32.2,7.5,17.5,0.5,S,D,S1,TSS,,4.8,MG/L,L01,CBL,,,,,T3
CB4.1C,670930,BAY844,TWQM,MAIN,MDDNR,MDDNR,38.82593,-76.39945,2023-07-11,13:18:00,32.4,3.5,19.5,0.5,S,D,S1,TSS,,6.4,MG/L,L01,CBL,,,,,T3
CB4.1C,670886,BAY843,TWQM,MAIN,MDDNR,MDDNR,38.82593,-76.39945,2023-06-27,13:33:00,32.5,6.5,21.5,0.5,S,D,S1,TSS,,7.6,MG/L,L01,CBL,,,,,T3
CB4.1C,670885,BAY842,TWQM,MAIN,MDDNR,MDDNR,38.82593,-76.39945,2023-06-06,12:44:00,32.5,4.5,8.5,0.5,S,D,S1,TSS,,6.4,MG/L,L01,CBL,,,,,T3
CB4.1C,645396,BAY840,TWQM,MAIN,MDDNR,MDDNR,38.82593,-76.39945,2023-05-09,12:49:00,32.8,2.5,15.5,0.5,S,D,S1,TSS,,3.5,MG/L,L01,CBL,,,,,T3
CB4.1C,670574,BAY838,TWQM,MAIN,MDDNR,MDDNR,38.82593,-76.39945,2023-04-11,12:52:00,33.1,7.5,18.5,0.5,S,D,S1,TSS,,3.6,MG/L,L01,CBL,,,,,T3
CB4.1C,640322,BAY836,TWQM,MAIN,MDDNR,MDDNR,38.82593,-76.39945,2023-03-16,13:36:00,33.3,11.5,16.5,0.5,S,D,S1,TSS,,7.7,MG/L,L01,CBL,,,,,T3
CB4.1C,640342,BAY832,TWQM,MAIN,MDDNR,MDDNR,38.82593,-76.39945,2023-01-10,12:02:00,33.1,0.7,4.5,0.5,S,D,S1,TSS,,19.2,MG/L,L01,CBL,,,,,T3
CB4.1C,624768,BAY830,TWQM,MAIN,MDDNR,MDDNR,38.82593,-76.39945,2022-12-06,11:52:00,33.0,,,0.5,S,D,S1,TSS,,10.4,MG/L,L01,CBL,,,,,T3
CB4.1C,624755,BAY828,TWQM,MAIN,MDDNR,MDDNR,38.82593,-76.39945,2022-11-15,12:00:00,32.4,14.5,17.5,0.5,S,D,S1,TSS,,5.0,MG/L,L01,CBL,,,,,T3
CB4.1C,624741,BAY826,TWQM,MAIN,MDDNR,MDDNR,38.82593,-76.39945,2022-10-06,14:40:00,31.5,,,0.5,S,D,S1,TSS,,4.7,MG/L,L01,CBL,,,,,T3
CB4.1C,624712,BAY824,TWQM,MAIN,MDDNR,MDDNR,38.82593,-76.39945,2022-09-13,13:12:00,32.0,7.5,16.5,0.5,S,D,S1,TSS,,4.3,MG/L,L01,CBL,,,,,T3
CB4.1C,625872,BAY823,TWQM,MAIN,MDDNR,MDDNR,38.82593,-76.39945,2022-08-23,12:51:00,32.0,6.5,15.5,0.5,S,D,S1,TSS,,3.6,MG/L,L01,CBL,,,,,T3
CB4.1C,625871,BAY822,TWQM,MAIN,MDDNR,MDDNR,38.82593,-76.39945,2022-08-09,13:02:00,31.8,13.5,17.5,0.5,S,D,S1,TSS,,10.0,MG/L,L01,CBL,,,,,T3
CB4.1C,699303,BAY820,TWQM,MAIN,MDDNR,MDDNR,38.82593,-76.39945,2022-07-13,12:41:00,32.0,5.5,12.5,0.5,S,D,S1,TSS,,6.0,MG/L,L01,CBL,,,,,T3
CB4.1C,621092,BAY819,TWQM,MAIN,MDDNR,MDDNR,38.82593,-76.39945,2022-06-29,12:38:00,32.3,8.5,18.5,0.5,S,D,S1,TSS,,7.7,MG/L,L01,CBL,,,,,T3
CB4.1C,621061,BAY817,TWQM,MAIN,MDDNR,MDDNR,38.82593,-76.39945,2022-05-17,13:00:00,32.6,2.5,12.5,0.5,S,D,S1,TSS,,9.2,MG/L,L01,CBL,,,,,T3
CB4.1C,699206,BAY814,TWQM,MAIN,MDDNR,MDDNR,38.82593,-76.39945,2022-04-12,12:42:00,33.5,5.5,13.5,0.5,S,D,S1,TSS,,10.0,MG/L,L01,CBL,,,,,T3
CB4.1C,611589,BAY812,TWQM,MAIN,MDDNR,MDDNR,38.82593,-76.39945,2022-03-15,13:29:00,33.2,8.5,16.5,0.5,S,D,S1,TSS,,4.8,MG/L,L01,CBL,,,,,T3
CB4.1C,608274,BAY806,TWQM,MAIN,MDDNR,MDDNR,38.82593,-76.39945,2021-12-08,12:05:00,32.8,,,0.5,S,D,S1,TSS,,7.2,MG/L,L01,CBL,,,,,T3
CB4.1C,608260,BAY805,TWQM,MAIN,MDDNR,MDDNR,38.82593,-76.39945,2021-11-17,11:57:00,32.7,4.5,17.5,0.5,S,D,S1,TSS,,6.8,MG/L,L01,CBL,,,,,T3
CB4.1C,608240,BAY802,TWQM,MAIN,MDDNR,MDDNR,38.82593,-76.39945,2021-10-05,12:47:00,32.4,2.5,12.5,0.5,S,D,S1,TSS,,3.8,MG/L,L01,CBL,,,,,T3
CB4.1C,785801,BAY900,TWQM,MAIN,MDDNR,MDDNR,38.82593,-76.39945,2025-11-18,15:00:00,30.8,,,0.5,S,ISM,M1,WTEMP,,11.6,DEG C,F01,,,,,,T3
CB4.1C,785781,BAY898,TWQM,MAIN,MDDNR,MDDNR,38.82593,-76.39945,2025-10-06,12:29:00,31.0,8.5,14.5,0.5,S,ISM,M1,WTEMP,,22.3,DEG C,F01,,,,,,T3
CB4.1C,785724,BAY895,TWQM,MAIN,MDDNR,MDDNR,38.82593,-76.39945,2025-08-26,12:27:00,30.4,10.5,19.5,0.5,S,ISM,M1,WTEMP,,25.5,DEG C,F01,,,,,,T3
CB4.1C,785723,BAY894,TWQM,MAIN,MDDNR,MDDNR,38.82593,-76.39945,2025-08-06,12:20:00,30.8,4.5,13.5,0.5,S,ISM,M1,WTEMP,,26.5,DEG C,F01,,,,,,T3
CB4.1C,785680,BAY893,TWQM,MAIN,MDDNR,MDDNR,38.82593,-76.39945,2025-07-21,12:50:00,31.5,3.5,9.5,0.5,S,ISM,M1,WTEMP,,28.4,DEG C,F01,,,,,,T3
CB4.1C,785833,BAY890,TWQM,MAIN,MDDNR,MDDNR,38.82593,-76.39945,2025-06-09,16:31:00,31.3,4.5,12.5,0.5,S,ISM,M1,WTEMP,,22.7,DEG C,F01,,,,,,T3
CB4.1C,785649,BAY886,TWQM,MAIN,MDDNR,MDDNR,38.82593,-76.39945,2025-04-15,10:56:00,31.0,1.5,20.5,0.5,S,ISM,M1,WTEMP,,11.5,DEG C,F01,,,,,,T3
CB4.1C,785611,BAY882,TWQM,MAIN,MDDNR,MDDNR,38.82593,-76.39945,2025-02-04,10:09:00,32.0,3.5,14.5,0.5,S,ISM,M1,WTEMP,,2.8,DEG C,F01,,,,,,T3
CB4.1C,785597,BAY880,TWQM,MAIN,MDDNR,MDDNR,38.82593,-76.39945,2025-01-13,14:51:00,32.0,,,0.5,S,ISM,M1,WTEMP,,2.7,DEG C,F01,,,,,,T3
CB4.1C,691077,BAY875,TWQM,MAIN,MDDNR,MDDNR,38.82593,-76.39945,2024-10-23,12:47:00,31.0,,,0.5,S,ISM,M1,WTEMP,,18.6,DEG C,F01,,,,,,T3
CB4.1C,690825,BAY872,TWQM,MAIN,MDDNR,MDDNR,38.82593,-76.39945,2024-09-23,10:41:00,31.0,9.5,21.5,0.5,S,ISM,M1,WTEMP,,23.2,DEG C,F01,,,,,,T3
CB4.1C,690640,BAY871,TWQM,MAIN,MDDNR,MDDNR,38.82593,-76.39945,2024-08-27,13:24:00,30.5,7.5,15.5,0.5,S,ISM,M1,WTEMP,,26.3,DEG C,F01,,,,,,T3
CB4.1C,691274,BAY868,TWQM,MAIN,MDDNR,MDDNR,38.82593,-76.39945,2024-07-16,13:43:00,30.5,10.5,16.5,0.5,S,ISM,M1,WTEMP,,29.2,DEG C,F01,,,,,,T3
CB4.1C,688805,BAY867,TWQM,MAIN,MDDNR,MDDNR,38.82593,-76.39945,2024-06-26,13:41:00,30.6,14.5,21.5,0.5,S,ISM,M1,WTEMP,,27.0,DEG C,F01,,,,,,T3
CB4.1C,688778,BAY866,TWQM,MAIN,MDDNR,MDDNR,38.82593,-76.39945,2024-06-04,13:27:00,31.0,6.5,14.5,0.5,S,ISM,M1,WTEMP,,24.5,DEG C,F01,,,,,,T3
CB4.1C,678074,BAY864,TWQM,MAIN,MDDNR,MDDNR,38.82593,-76.39945,2024-05-14,13:09:00,32.0,10.5,17.5,0.5,S,ISM,M1,WTEMP,,17.3,DEG C,F01,,,,,,T3
CB4.1C,699623,BAY857,TWQM,MAIN,MDDNR,MDDNR,38.82593,-76.39945,2024-01-24,12:09:00,33.1,3.5,13.5,0.5,S,ISM,M1,WTEMP,,3.6,DEG C,F01,,,,,,T3
CB4.1C,647860,BAY852,TWQM,MAIN,MDDNR,MDDNR,38.82593,-76.39945,2023-11-16,12:11:00,32.5,10.0,21.0,0.5,S,ISM,M1,WTEMP,,13.5,DEG C,F01,,,,,,T3
CB4.1C,647720,BAY850,TWQM,MAIN,MDDNR,MDDNR,38.82593,-76.39945,2023-10-05,12:59:00,32.3,,,0.5,S,ISM,M1,WTEMP,,21.8,DEG C,F01,,,,,,T3
CB4.1C,670855,BAY848,TWQM,MAIN,MDDNR,MDDNR,38.82593,-76.39945,2023-09-12,13:29:00,32.2,3.5,18.5,0.5,S,ISM,M1,WTEMP,,28.2,DEG C,F01,,,,,,T3
CB4.1C,670975,BAY847,TWQM,MAIN,MDDNR,MDDNR,38.82593,-76.39945,2023-08-29,12:54:00,32.2,7.5,17.5,0.5,S,ISM,M1,WTEMP,,26.4,DEG C,F01,,,,,,T3
CB4.1C,670930,BAY844,TWQM,MAIN,MDDNR,MDDNR,38.82593,-76.39945,2023-07-11,13:18:00,32.4,3.5,19.5,0.5,S,ISM,M1,WTEMP,,25.8,DEG C,F01,,,,,,T3
CB4.1C,670886,BAY843,TWQM,MAIN,MDDNR,MDDNR,38.82593,-76.39945,2023-06-27,13:33:00,32.5,6.5,21.5,0.5,S,ISM,M1,WTEMP,,24.4,DEG C,F01,,,,,,T3
CB4.1C,670885,BAY842,TWQM,MAIN,MDDNR,MDDNR,38.82593,-76.39945,2023-06-06,12:44:00,32.5,4.5,8.5,0.5,S,ISM,M1,WTEMP,,21.5,DEG C,F01,,,,,,T3
CB4.1C,645396,BAY840,TWQM,MAIN,MDDNR,MDDNR,38.82593,-76.39945,2023-05-09,12:49:00,32.8,2.5,15.5,0.5,S,ISM,M1,WTEMP,,16.1,DEG C,F01,,,,,,T3
CB4.1C,670574,BAY838,TWQM,MAIN,MDDNR,MDDNR,38.82593,-76.39945,2023-04-11,12:52:00,33.1,7.5,18.5,0.5,S,ISM,M1,WTEMP,,12.4,DEG C,F01,,,,,,T3
CB4.1C,640322,BAY836,TWQM,MAIN,MDDNR,MDDNR,38.82593,-76.39945,2023-03-16,13:36:00,33.3,11.5,16.5,0.5,S,ISM,M1,WTEMP,,6.9,DEG C,F01,,,,,,T3
CB4.1C,640342,BAY832,TWQM,MAIN,MDDNR,MDDNR,38.82593,-76.39945,2023-01-10,12:02:00,33.1,0.7,4.5,0.5,S,ISM,M1,WTEMP,,5.2,DEG C,F01,,,,,,T3
CB4.1C,624768,BAY830,TWQM,MAIN,MDDNR,MDDNR,38.82593,-76.39945,2022-12-06,11:52:00,33.0,,,0.5,S,ISM,M1,WTEMP,,9.8,DEG C,F01,,,,,,T3
CB4.1C,624755,BAY828,TWQM,MAIN,MDDNR,MDDNR,38.82593,-76.39945,2022-11-15,12:00:00,32.4,14.5,17.5,0.5,S,ISM,M1,WTEMP,,14.9,DEG C,F01,,,,,,T3
CB4.1C,624741,BAY826,TWQM,MAIN,MDDNR,MDDNR,38.82593,-76.39945,2022-10-06,14:40:00,31.5,,,0.5,S,ISM,M1,WTEMP,,18.1,DEG C,F01,,,,,,T3
CB4.1C,624712,BAY824,TWQM,MAIN,MDDNR,MDDNR,38.82593,-76.39945,2022-09-13,13:12:00,32.0,7.5,16.5,0.5,S,ISM,M1,WTEMP,,26.0,DEG C,F01,,,,,,T3
CB4.1C,625872,BAY823,TWQM,MAIN,MDDNR,MDDNR,38.82593,-76.39945,2022-08-23,12:51:00,32.0,6.5,15.5,0.5,S,ISM,M1,WTEMP,,27.4,DEG C,F01,,,,,,T3
CB4.1C,625871,BAY822,TWQM,MAIN,MDDNR,MDDNR,38.82593,-76.39945,2022-08-09,13:02:00,31.8,13.5,17.5,0.5,S,ISM,M1,WTEMP,,28.8,DEG C,F01,,,,,,T3
CB4.1C,699303,BAY820,TWQM,MAIN,MDDNR,MDDNR,38.82593,-76.39945,2022-07-13,12:41:00,32.0,5.5,12.5,0.5,S,ISM,M1,WTEMP,,26.3,DEG C,F01,,,,,,T3
CB4.1C,621092,BAY819,TWQM,MAIN,MDDNR,MDDNR,38.82593,-76.39945,2022-06-29,12:38:00,32.3,8.5,18.5,0.5,S,ISM,M1,WTEMP,,24.0,DEG C,F01,,,,,,T3
CB4.1C,621061,BAY817,TWQM,MAIN,MDDNR,MDDNR,38.82593,-76.39945,2022-05-17,13:00:00,32.6,2.5,12.5,0.5,S,ISM,M1,WTEMP,,18.1,DEG C,F01,,,,,,T3
CB4.1C,699206,BAY814,TWQM,MAIN,MDDNR,MDDNR,38.82593,-76.39945,2022-04-12,12:42:00,33.5,5.5,13.5,0.5,S,ISM,M1,WTEMP,,10.3,DEG C,F01,,,,,,T3
CB4.1C,611589,BAY812,TWQM,MAIN,MDDNR,MDDNR,38.82593,-76.39945,2022-03-15,13:29:00,33.2,8.5,16.5,0.5,S,ISM,M1,WTEMP,,6.6,DEG C,F01,,,,,,T3
CB4.1C,608274,BAY806,TWQM,MAIN,MDDNR,MDDNR,38.82593,-76.39945,2021-12-08,12:05:00,32.8,,,0.5,S,ISM,M1,WTEMP,,9.2,DEG C,F01,,,,,,T3
CB4.1C,608260,BAY805,TWQM,MAIN,MDDNR,MDDNR,38.82593,-76.39945,2021-11-17,11:57:00,32.7,4.5,17.5,0.5,S,ISM,M1,WTEMP,,12.8,DEG C,F01,,,,,,T3
CB4.1C,608240,BAY802,TWQM,MAIN,MDDNR,MDDNR,38.82593,-76.39945,2021-10-05,12:47:00,32.4,2.5,12.5,0.5,S,ISM,M1,WTEMP,,23.3,DEG C,F01,,,,,,T3
